기간,회원구분,급전방식,사업구분,지역,원자력,기력,,,,복합화력,,내연력,,양수,신재생,기타,합계
,,,,,,유연탄,무연탄,유류,가스,유류,가스,유류,가스,,,,
2026/05,합계,합계,합계,합계,26050,40366.676999999996,400,65.2,196.3,0,46079.95599999999,96.69999999999996,0,4700,40601.04022900032,459.07499999999993,159087.45536900032
2026/04,합계,합계,합계,합계,26050,40366.676999999996,400,65.2,196.3,465.8,45508.95599999999,96.69999999999996,0,4700,40315.62577300045,459.07499999999993,158696.84091300046
2026/03,합계,합계,합계,합계,26050,40366.676999999996,400,65.2,196.3,465.8,45508.95599999999,96.69999999999996,0,4700,39897.99711800062,459.07499999999993,158279.21225800063
2026/02,합계,합계,합계,합계,26050,40366.676999999996,400,65.2,196.3,465.8,45508.95599999999,96.69999999999996,0,4700,39471.474978000806,507.25499999999994,157828.6901180008
2026/01,합계,합계,합계,합계,26050,40366.676999999996,400,65.2,196.3,465.8,45007.556,96.69999999999996,0,4700,39277.096138000794,507.25499999999994,157132.9112780008
2025/12,합계,합계,합계,합계,26050,40866.676999999996,400,65.2,196.3,465.8,45007.556,96.69999999999996,0,4700,38746.8117630011,467.37499999999994,157062.7469030011
2025/11,합계,합계,합계,합계,26050,40866.676999999996,400,65.2,196.3,465.8,45007.556,96.69999999999996,0,4700,38173.24601800122,455.37499999999994,156477.1811580012
2025/10,합계,합계,합계,합계,26050,40866.676999999996,400,65.2,196.3,465.8,45007.556,96.69999999999996,0,4700,37939.414098001515,455.37499999999994,156243.3492380015
2025/09,합계,합계,합계,합계,26050,40866.676999999996,400,65.2,196.3,465.8,45007.556,96.69999999999996,0,4700,37603.547739001566,449.37499999999994,155901.38303900155
2025/08,합계,합계,합계,합계,26050,40866.676999999996,400,65.2,196.3,465.8,45007.556,96.69999999999996,0,4700,37356.45688500173,449.37499999999994,155655.29167500173
2025/07,합계,합계,합계,합계,26050,40867.882,400,65.2,196.3,465.8,45007.556,96.69999999999996,0,4700,37008.27625400193,449.37499999999994,155308.31604400193
2025/06,합계,합계,합계,합계,26050,40867.882,400,65.2,196.3,465.8,45007.556,96.69999999999996,0,4700,36616.65300900198,449.37499999999994,154916.692799002
2025/05,합계,합계,합계,합계,26050,40867.882,400,65.2,196.3,465.8,45007.556,96.69999999999996,0,4700,36373.797118002,449.37499999999994,154672.739018002
2025/04,합계,합계,합계,합계,26050,40867.882,400,65.2,196.3,465.8,45007.556,96.69999999999996,0,4700,36004.06764300216,448.87499999999994,154302.50954300215
2025/03,합계,합계,합계,합계,26050,40867.882,400,65.2,196.3,465.8,45007.556,96.69999999999996,0,4700,35606.465702002315,448.61499999999995,153904.6476020023
2025/02,합계,합계,합계,합계,26050,40867.882,400,65.2,196.3,465.8,45007.556,96.69999999999996,0,4700,35177.89065300242,449.37499999999994,153476.8325530024
2025/01,합계,합계,합계,합계,26050,40867.882,400,65.2,466.3,465.8,44737.556,96.69999999999996,0,4700,35070.65392800246,449.37499999999994,153384.38113800244
2024/12,합계,합계,합계,합계,26050,39817.882,400,65.2,1866.3,465.8,44467.556,96.54999999999995,0,4700,34677.629558002634,449.37499999999994,153071.2067680026
2024/11,합계,합계,합계,합계,26050,39817.882,400,65.2,1866.3,465.8,43362.956,96.54999999999995,0,4700,34417.46967300284,449.53499999999997,151706.60688300282
2024/10,합계,합계,합계,합계,26050,39817.882,400,65.2,1866.3,465.8,43362.956,96.54999999999995,0,4700,34027.63954400281,449.53499999999997,151316.7767540028
2024/09,합계,합계,합계,합계,26050,39817.882,400,65.2,1866.3,465.8,42350.956,96.54999999999995,0,4700,33629.80757900304,449.53499999999997,149906.94478900303
2024/08,합계,합계,합계,합계,26050,39817.882,400,65.2,1596.3,465.8,42350.956,96.54999999999995,0,4700,33387.401149003046,446.63499999999993,149389.845799003
2024/07,합계,합계,합계,합계,26050,39817.882,400,65.2,1596.3,465.8,42350.956,96.54999999999995,0,4700,33143.84701900288,446.63499999999993,149146.29166900285
2024/06,합계,합계,합계,합계,26050,39817.882,400,65.2,1596.3,465.8,42350.956,96.54999999999995,0,4700,32707.656184002895,446.63499999999993,148709.10808400286
2024/05,합계,합계,합계,합계,26050,39817.882,400,65.2,1596.3,465.8,41753.784999999996,96.54999999999995,0,4700,32436.043854002986,447.03499999999997,147840.724754003
2024/04,합계,합계,합계,합계,26050,38767.882,400,108.7,1596.3,465.8,41753.784999999996,136.54999999999995,0,4700,32365.483534002993,447.03499999999997,146803.664434003
2024/03,합계,합계,합계,합계,24650,38767.882,400,152.2,1596.3,465.8,41753.784999999996,136.54999999999995,0,4700,32136.913634003053,447.03499999999997,145218.59453400306
2024/02,합계,합계,합계,합계,24650,38767.882,400,108.7,1596.3,465.8,41753.784999999996,136.54999999999995,0,4700,31966.67841400305,455.23499999999996,145013.05931400304
2024/01,합계,합계,합계,합계,24650,38767.882,400,108.7,1596.3,612.045,41594.989,136.54999999999995,0,4700,31708.874204003238,458.93499999999995,144746.40410400325
2023/12,합계,합계,합계,합계,24650,38767.882,400,108.7,1596.3,612.045,41594.989,136.54999999999995,0,4700,31377.56443200326,458.6449999999999,144414.80433200326
2023/11,합계,합계,합계,합계,24650,38826.922,400,108.7,1596.3,612.045,41594.989,136.54999999999995,0,4700,31276.580947003262,458.6449999999999,144373.36064700328
2023/10,합계,합계,합계,합계,24650,38826.922,400,108.7,1596.3,612.045,41594.989,136.54999999999995,0,4700,30635.448983003203,457.1449999999999,143730.72868300322
2023/09,합계,합계,합계,합계,24650,38826.922,400,108.7,1596.3,612.045,41594.989,136.54999999999995,0,4700,30390.327590003137,457.76499999999993,143486.22729000315
2023/08,합계,합계,합계,합계,24650,38826.922,400,108.7,1596.3,612.045,41594.989,96.54999999999995,0,4700,30222.360770003106,580.2649999999999,143400.76047000312
2023/07,합계,합계,합계,합계,24650,38767.882,400,108.7,1596.3,612.045,41476.01700000001,96.54999999999995,0,4700,29695.5430000031,451.56499999999994,142567.2307000031
2023/06,합계,합계,합계,합계,24650,38767.882,400,108.7,1596.3,612.045,40100.157,96.54999999999995,0,4700,29457.57657500305,453.66499999999996,140955.50427500307
2023/05,합계,합계,합계,합계,24650,38767.882,400,108.7,1596.3,612.045,39605.157,96.54999999999995,0,4700,29234.12236500305,456.56499999999994,140239.95006500307
2023/04,합계,합계,합계,합계,24650,37727.882,400,108.7,1596.3,612.045,39605.157,96.54999999999995,0,4700,29099.590955003063,456.56499999999994,139065.4186550031
2023/03,합계,합계,합계,합계,24650,37727.882,400,167,1596.3,612.045,39605.157,136.54999999999995,0,4700,28984.638910003036,456.56499999999994,139048.76661000305
2023/02,합계,합계,합계,합계,24650,37727.882,400,167,1596.3,612.045,39605.157,136.54999999999995,0,4700,28782.50628000304,456.8649999999999,138846.30528000303
2023/01,합계,합계,합계,합계,24650,37727.882,400,171.3,1596.3,612.045,39605.157,136.80999999999995,0,4700,28575.24737000629,456.5949999999999,138631.3363700063
2022/12,합계,합계,합계,합계,24650,37727.882,400,171.3,1596.3,612.045,39605.157,136.80999999999995,0,4700,27961.512710006213,456.5949999999999,138017.60171000622
2022/11,합계,합계,합계,합계,23250,37727.882,400,171.3,1596.3,612.045,39605.157,136.80999999999995,0,4700,27612.035820006146,456.5949999999999,136268.12482000617
2022/10,합계,합계,합계,합계,23250,36687.882,400,171.3,1596.3,612.045,39605.157,136.80999999999995,0,4700,27375.524108006088,455.8349999999999,134990.8531080061
2022/09,합계,합계,합계,합계,23250,36687.882,400,171.3,1596.3,612.045,39605.157,136.80999999999995,0,4700,27152.788823006093,455.8349999999999,134768.1178230061
2022/08,합계,합계,합계,합계,23250,36687.882,400,171.3,1596.3,612.045,39605.157,136.80999999999995,0,4700,27078.512513006048,456.5949999999999,134694.60151300606
2022/07,합계,합계,합계,합계,23250,36687.882,400,171.3,1596.3,612.045,39605.157,176.80999999999995,0,4700,26634.72152300588,456.5949999999999,134290.8105230059
2022/06,합계,합계,합계,합계,23250,36937.882,400,171.3,1596.3,612.045,39605.157,176.80999999999995,0,4700,26301.17284800588,517.504,134268.1708480059
2022/05,합계,합계,합계,합계,23250,36937.882,400,171.3,1596.3,612.045,39605.157,176.80999999999995,0,4700,25949.913623004322,517.504,133916.91162300433
2022/04,합계,합계,합계,합계,23250,36937.882,400,171.3,1596.3,612.045,39605.157,176.80999999999995,0,4700,25712.861428005504,517.60336,133679.9587880055
2022/03,합계,합계,합계,합계,23250,36937.882,400,171.3,1596.3,612.0450000000001,39605.15700000001,176.81,0,4700,25596.755028004132,514.70336,133560.95238800414
2022/02,합계,합계,합계,합계,23250,36937.882,400,171.3,1596.3,612.045,39605.157,176.80999999999995,0,4700,25105.26438300537,514.69882,133069.45720300538
2022/01,합계,합계,합계,합계,23250,36937.882,400,1371.3,1596.3,612.045,39605.157,176.80999999999995,0,4700,24959.314258005084,514.69882,134123.5070780051
2021/12,합계,합계,합계,합계,23250,36937.882,400,1371.3,2077.99,612.045,39605.157,175.67999999999995,0,4700,24493.732893004726,515.602,134139.46889300473
2021/11,합계,합계,합계,합계,23250,37437.882,400,1371.3,1596.3,612.045,39573.467000000004,175.67999999999995,0,4700,24044.10103800459,515.602,133676.4570380046
2021/10,합계,합계,합계,합계,23250,36397.882,400,1371.3,1596.3,612.045,39573.467000000004,175.67999999999995,0,4700,23823.0385680046,515.602,132415.3945680046
2021/09,합계,합계,합계,합계,23250,36397.882,400,1371.3,1596.3,612.045,39573.467000000004,175.67999999999995,0,4700,23517.27997500462,515.482,132109.43597500463
2021/08,합계,합계,합계,합계,23250,36397.882,400,1371.3,1596.3,612.045,39573.467000000004,175.67999999999995,0,4700,23057.817726004312,515.2019999999999,131649.6937260043
2021/07,합계,합계,합계,합계,23250,36397.882,400,1371.3,1596.3,612.045,39573.467000000004,175.67999999999995,0,4700,22750.67138600411,514.204,131341.54938600413
2021/06,합계,합계,합계,합계,23250,35379.882,400,1371.3,1596.3,612.045,39573.467000000004,175.67999999999995,0,4700,22125.76170300383,514.6709999999999,129699.10670300384
2021/05,합계,합계,합계,합계,23250,35379.882,400,1371.3,1596.3,612.045,39573.467000000004,175.67999999999995,0,4700,22010.127410003803,514.6039999999999,129583.4054100038
2021/04,합계,합계,합계,합계,23250,34333.426999999996,400,1371.3,1596.3,612.045,39573.467000000004,175.67999999999995,0,4700,21975.140570003798,514.6039999999999,128501.9635700038
2021/03,합계,합계,합계,합계,23250,35459.882,400,1371.3,1596.3,612.045,39573.467000000004,175.67999999999995,0,4700,21774.629585003713,514.7639999999999,129428.06758500372
2021/02,합계,합계,합계,합계,23250,35453.382,400,1371.3,1596.3,612.045,39573.467000000004,175.67999999999995,0,4700,21208.7008550036,514.9039999999999,128855.7788550036
2021/01,합계,합계,합계,합계,23250,35453.382,400,1371.3,1596.3,612.045,39573.467000000004,175.67999999999995,0,4700,20644.888530003216,514.9039999999999,128291.96653000322
2020/12,합계,합계,합계,합계,23250,36453.382,400,1459.3,1596.3,612.0450000000001,39573.467000000004,175.67999999999995,0,4700,20544.894027002596,426.20399999999995,129191.2720270026
2020/11,합계,합계,합계,합계,23250,36453.382,400,1459.3,1596.3,612.0450000000001,39573.467,175.61699999999993,0,4700,19966.2148690026,423.09400000000005,128609.41986900258
2020/10,합계,합계,합계,합계,23250,36453.382,400,1459.3,1596.3,465.8,39573.467,175.61699999999993,0,4700,19700.537984002647,422.6940000000001,128197.09798400263
2020/09,합계,합계,합계,합계,23250,36453.382,400,1459.3,1596.3,465.8,39573.467,175.61699999999993,0,4700,19274.59650500246,1213.1939999999997,128561.65650500245
2020/08,합계,합계,합계,합계,23250,36453.382,400,1459.3,1596.3,465.8,39573.467,175.61699999999993,0,4700,18790.61077500226,1213.1939999999997,128077.67077500225
2020/07,합계,합계,합계,합계,23250,36453.382,400,1459.3,1596.3,465.8,39573.467,175.61699999999993,0,4700,18531.68675000215,1213.1939999999997,127818.74675000213
2020/06,합계,합계,합계,합계,23250,36453.382,600,1459.3,1596.3,465.8,39573.467,175.61699999999993,0,4700,17860.766687002146,1203.2939999999996,127337.92668700212
2020/05,합계,합계,합계,합계,23250,36453.382,600,1459.3,1596.3,465.8,39573.467,175.61699999999993,0,4700,17320.617563002248,1203.2939999999996,126797.77756300224
2020/04,합계,합계,합계,합계,23250,36453.382,600,1459.3,1596.3,465.8,39573.467,175.61699999999993,0,4700,16800.875199002014,1187.2939999999996,126262.035199002
2020/03,합계,합계,합계,합계,23250,36441.782,600,1470.8999999999999,1596.3,465.8,39573.467,175.61699999999993,0,4700,16415.895006002425,1197.5919999999996,125887.35300600242
2020/02,합계,합계,합계,합계,23250,36441.782,600,1470.8999999999999,1596.3,465.8,39573.467,175.61699999999993,0,4700,16415.895006002425,1197.5919999999996,125887.35300600242
2020/01,합계,합계,합계,합계,23250,36441.782,600,1470.8999999999999,1596.3,465.8,39573.467,175.61699999999993,0,4700,15905.83649800228,1178.3919999999996,125358.09449800226
2019/12,합계,합계,합계,합계,23250,36391.782,600,2870.9,196.3,559.523,39459.09999999999,340.61699999999996,0,4700,15791.053338002277,1178.3919999999996,125337.66733800224
2019/11,합계,합계,합계,합계,23250,36391.782,600,2870.9,196.3,664.523,39333.45599999999,339.4699999999999,0,4700,14896.54583600187,1149.2019999999998,124392.17883600185
2019/10,합계,합계,합계,합계,23250,36391.782,600,2870.9,196.3,664.523,38964.282999999996,339.4699999999999,0,4700,14896.54583600187,1149.2019999999998,124023.00583600186
2019/09,합계,합계,합계,합계,23250,36391.78200000001,600,2870.9,196.3,758.246,38007.259999999995,339.47,0,4700,15294.954013999999,81.49,122490.402014
2019/08,합계,합계,합계,합계,23250,36391.78200000001,600,2870.9,196.3,758.246,38007.259999999995,339.47,0,4700,15777.886109,81.49,122973.334109
2019/07,합계,합계,합계,합계,21850,36391.78200000001,600,2970.9,196.3,758.246,38007.259999999995,339.47,0,4700,15251.578950999998,81.49,121147.02695099999
2019/06,합계,합계,합계,합계,21850,36391.782,600,2970.9,196.3,758.246,38007.259999999995,339.4699999999999,0,4700,15251.578951001416,81.49,121147.0269510014
2019/05,합계,합계,합계,합계,21850,36391.777,600,3045.9,196.3,758.246,37638.087,339.4699999999999,0,4700,14229.4139190013,76.7,119825.8939190013
2019/04,합계,합계,합계,합계,21850,36391.777,600,3045.9,196.3,758.246,37638.087,339.4699999999999,0,4700,14229.4139190013,76.7,119825.8939190013
2019/03,합계,합계,합계,합계,21850,36391.777,600,3045.9,196.3,758.246,37638.087,339.4699999999999,0,4700,14229.4139190013,76.7,119825.8939190013
2019/02,합계,합계,합계,합계,21850,36391.777,600,3220.9,196.3,758.246,37638.087,339.47,0,4700,13578.881769999998,76.7,119350.36176999999
2019/01,합계,합계,합계,합계,21850,36391.777,600,3220.9,196.3,758.246,37638.087,339.47,0,4700,13578.881769999998,76.7,119350.36176999999
2018/12,합계,합계,합계,합계,21850,36298.737,600,3220.9,196.3,758.246,37638.087,339.47,0,4700,13413.218668,76.7,119091.658668
2018/11,합계,합계,합계,합계,21850,36298.737,600,3220.9,196.3,758.246,37638.087,339.47,0,4700,12587.350804,76.7,118265.790804
2018/10,합계,합계,합계,합계,21850,36298.737,600,3220.9,196.3,758.246,37638.087,339.47,0,4700,12317.564073999998,76.7,117996.004074
2018/09,합계,합계,합계,합계,21850,36298.737,600,3220.9,196.3,758.246,37638.087,339.47,0,4700,12317.564073999998,76.7,117996.004074
2018/08,합계,합계,합계,합계,21850,36298.737,600,3220.9,196.3,758.246,37638.087,339.47,0,4700,12317.364074,76.7,117995.804074
2018/07,합계,합계,합계,합계,21850,36298.737,600,3237.2,196.3,664.523,37638.087,339.47,0,4700,11875.526587999999,76.7,117476.543588
2018/06,합계,합계,합계,합계,21850,36205.702000000005,600,3237.2,196.3,664.523,37638.087,339.47,0,4700,11694.488776,78.42,117205.126776
2018/05,합계,합계,합계,합계,22528.683,36205.702000000005,600,3237.2,196.3,570.8,37638.087,339.47,0,4700,11695.424776,78.42,117790.086776
2018/04,합계,합계,합계,합계,22528.683,36037.802,600,3237.2,196.3,570.8,37156.397,339.47,0,4700,11298.704867999999,81.51,116746.86686800001
2018/03,합계,합계,합계,합계,22528.683,36037.802,600,3237.2,196.3,570.8,37156.397,339.47,0,4700,11298.704867999999,81.51,116746.86686800001
2018/02,합계,합계,합계,합계,22528.683,36097.802,600,3240.2999999999997,196.3,570.8,37156.397,339.47,0,4700,10976.378363,21.51,116427.64036299998
2018/01,합계,합계,합계,합계,22528.683,36097.802,600,3240.2999999999997,196.3,570.8,37156.397,339.47,0,4700,10976.378363,21.51,116427.64036299998
2017/12,합계,합계,합계,합계,22528.683,36097.802,600,3240.2999999999997,196.3,570.8,37636.397,339.47,0,4700,10976.378363,21.51,116907.64036299998
2016/12,합계,합계,합계,합계,23115.683,30898.424,1125,3240.2999999999997,470.3,570.8,32131.801,329.44,0,4700,9283.808674,0,105865.55667399999
2015/12,합계,합계,합계,합계,21715.683,26201.91,1125,3342.1,547.8,570.8,31695.701,329.69,0,4700,7420.076236999999,0,97648.76023700001
2014/12,합계,합계,합계,합계,20715.683,25910.51,1125,3354.5,523.8,570.8,29744.89,329.69,0,4700,6240.881376,0,93215.754376
2013/12,합계,합계,합계,합계,20715.683,24110.51,1125,4354.5,1023.8,570.8,24765.79,329.69,0,4700,5273.163656000001,0,86968.936656
2012/12,합계,합계,합계,합계,20715.683,24003.109999999997,1125,4354.5,1023.8,570.8,20861.263,367.34000000000003,0,4700,4084.0795339999995,0,81805.57553399999
