기간,회원구분,급전방식,사업구분,지역,원자력,유연탄,무연탄,유류,LNG,양수,신재생,,,,,,,,기타,합계
,,,,,,,,,,,연료전지,석탄가스화,태양,풍력,수력,해양,바이오,폐기물,,
2026/05,합계,합계,합계,합계,26050,40366.676999999996,400,161.89999999999998,46276.255999999994,4700,1453.8319999999997,346.33,32416.86892900032,2470.4716999999996,1815.5364,254.58,1843.4212,0,459.07499999999993,159087.45536900032
2026/04,합계,합계,합계,합계,26050,40366.676999999996,400,627.6999999999999,45705.255999999994,4700,1453.8319999999997,346.33,32131.45447300045,2470.4716999999996,1815.5364,254.58,1843.4212,0,459.07499999999993,158696.84091300046
2026/03,합계,합계,합계,합계,26050,40366.676999999996,400,627.6999999999999,45705.255999999994,4700,1328.542,346.33,31839.102818000607,2470.4716999999996,1815.5494,254.58,1843.4212,0,459.07499999999993,158279.21225800063
2026/02,합계,합계,합계,합계,26050,40366.676999999996,400,627.6999999999999,45705.255999999994,4700,1325.9019999999998,346.33,31430.95567800081,2454.8716999999997,1815.4144000000001,254.58,1843.4212,0,507.25499999999994,157828.6901180008
2026/01,합계,합계,합계,합계,26050,40366.676999999996,400,627.6999999999999,45203.85599999999,4700,1296.4219999999998,346.33,31283.656838000792,2437.2717,1815.4144000000001,254.58,1843.4212,0,507.25499999999994,157132.9112780008
2025/12,합계,합계,합계,합계,26050,40866.676999999996,400,627.6999999999999,45203.85599999999,4700,1288.9419999999998,346.33,30760.95246300109,2437.2717,1815.3144,254.58,1843.4212,0,467.37499999999994,157062.7469030011
2025/11,합계,합계,합계,합계,26050,40866.676999999996,400,627.6999999999999,45203.85599999999,4700,1241.8419999999996,346.33,30321.864718001216,2351.8716999999997,1815.3364000000001,254.58,1841.4212,0,455.37499999999994,156477.1811580012
2025/10,합계,합계,합계,합계,26050,40866.676999999996,400,627.6999999999999,45203.85599999999,4700,1239.4419999999996,346.33,30056.846798001516,2385.8716999999997,1815.3364000000001,254.58,1841.0072,0,455.37499999999994,156243.3492380015
2025/09,합계,합계,합계,합계,26050,40866.676999999996,400,627.6999999999999,45203.85599999999,4700,1239.4419999999996,346.33,29716.380439001558,2385.8716999999997,1815.3364000000001,254.58,1845.6072,0,449.37499999999994,155901.38303900155
2025/08,합계,합계,합계,합계,26050,40866.676999999996,400,627.6999999999999,45203.85599999999,4700,1237.0419999999995,346.33,29568.314785001723,2289.8716999999997,1814.5864000000001,254.58,1845.732,0,449.37499999999994,155655.29167500173
2025/07,합계,합계,합계,합계,26050,40867.882,400,627.6999999999999,45203.85599999999,4700,1234.6419999999994,346.33,29222.860154001926,2289.8716999999997,1814.2604000000001,254.58,1845.732,0,449.37499999999994,155308.31604400193
2025/06,합계,합계,합계,합계,26050,40867.882,400,627.6999999999999,45203.85599999999,4700,1214.8419999999994,346.33,28874.710909001977,2266.3716999999997,1814.2764000000002,254.58,1845.542,0,449.37499999999994,154916.692799002
2025/05,합계,합계,합계,합계,26050,40867.882,400,627.6999999999999,45203.85599999999,4700,1195.2519999999995,346.33,28654.445018002007,2263.3716999999997,1814.2764000000002,254.58,1845.542,0,449.37499999999994,154672.739018002
2025/04,합계,합계,합계,합계,26050,40867.882,400,627.6999999999999,45203.85599999999,4700,1195.2519999999995,346.33,28285.39054300216,2263.3716999999997,1814.2014000000001,254.58,1844.942,0,448.87499999999994,154302.50954300215
2025/03,합계,합계,합계,합계,26050,40867.882,400,627.6999999999999,45203.85599999999,4700,1183.1719999999993,346.33,27901.12360200231,2263.3716999999997,1812.9464,254.58,1844.942,0,448.61499999999995,153904.6476020023
2025/02,합계,합계,합계,합계,26050,40867.882,400,627.6999999999999,45203.85599999999,4700,1163.3719999999994,346.33,27489.358553002417,2263.3716999999997,1814.3964,254.58,1846.482,0,449.37499999999994,153476.8325530024
2025/01,합계,합계,합계,합계,26050,40867.882,400,627.6999999999999,45203.856,4700,1105.4019999999996,346.33,27452.92682800246,2263.3716999999997,1802.3964,254.58,1845.647,0,449.37499999999994,153384.38113800244
2024/12,합계,합계,합계,합계,26050,39817.882,400,627.55,46333.856,4700,1085.6019999999996,346.33,27094.842458002626,2247.7717,1802.8564,254.58,1845.647,0,449.37499999999994,153071.2067680026
2024/11,합계,합계,합계,합계,26050,39817.882,400,627.55,45229.255999999994,4700,1085.6019999999996,346.33,26834.682573002832,2247.7717,1802.8564,254.58,1845.647,0,449.53499999999997,151706.60688300282
2024/10,합계,합계,합계,합계,26050,39817.882,400,627.55,45229.255999999994,4700,1080.8019999999995,346.33,26466.31244400281,2231.0917,1802.8764,254.58,1845.647,0,449.53499999999997,151316.7767540028
2024/09,합계,합계,합계,합계,26050,39817.882,400,627.55,44217.255999999994,4700,1072.3319999999994,346.33,26076.950479003037,2231.0917,1802.8764,254.58,1845.647,0,449.53499999999997,149906.94478900303
2024/08,합계,합계,합계,합계,26050,39817.882,400,627.55,43947.255999999994,4700,1072.3319999999994,346.33,25835.29404900304,2230.3417,1802.8764,254.58,1845.647,0,446.63499999999993,149389.845799003
2024/07,합계,합계,합계,합계,26050,39817.882,400,627.55,43947.255999999994,4700,1053.8519999999994,346.33,25610.21991900288,2230.3417,1802.8764,254.58,1845.647,0,446.63499999999993,149146.29166900285
2024/06,합계,합계,합계,합계,26050,39817.882,400,627.55,43947.255999999994,4700,1053.8519999999994,346.33,25172.388784002895,2230.312,1804.5464,254.58,1845.647,0,446.63499999999993,148709.10808400286
2024/05,합계,합계,합계,합계,26050,39817.882,400,627.55,43350.085,4700,1033.0289999999995,346.33,24924.749454002984,2226.112,1804.5464,254.58,1846.6970000000001,0,447.03499999999997,147840.724754003
2024/04,합계,합계,합계,합계,26050,38767.882,400,711.05,43350.085,4700,1063.6289999999997,346.33,24862.589134002992,2226.112,1804.5464,255.58,1806.6970000000001,0,447.03499999999997,146803.664434003
2024/03,합계,합계,합계,합계,24650,38767.882,400,754.55,43350.085,4700,1063.6289999999997,346.33,24668.319234003047,2191.712,1804.8464,255.58,1806.497,0,447.03499999999997,145218.59453400306
2024/02,합계,합계,합계,합계,24650,38767.882,400,711.05,43350.085,4700,1066.0289999999998,346.33,24490.38401400305,2191.712,1804.5964,255.58,1812.0469999999998,0,455.23499999999996,145013.05931400304
2024/01,합계,합계,합계,합계,24650,38767.882,400,857.295,43191.289000000004,4700,1066.0289999999998,346.33,24234.579804003235,2191.712,1804.5964,255.58,1810.0469999999998,0,458.93499999999995,144746.40410400325
2023/12,합계,합계,합계,합계,24650,38767.882,400,857.295,43191.289000000004,4700,1065.7539999999997,346.33,23942.806032003256,2151.362,1804.9964,255.58,1810.736,0,458.6449999999999,144414.80433200326
2023/11,합계,합계,합계,합계,24650,38826.922,400,857.295,43191.289000000004,4700,1065.7539999999997,346.33,24000.552547003263,1991.0819999999999,1804.9964,255.58,1812.2859999999998,0,458.6449999999999,144373.36064700328
2023/10,합계,합계,합계,합계,24650,38826.922,400,857.295,43191.289000000004,4700,1047.7539999999997,346.33,23433.540583003207,1940.6819999999998,1799.9964,255.58,1811.5659999999998,0,457.1449999999999,143730.72868300322
2023/09,합계,합계,합계,합계,24650,38826.922,400,857.295,43191.289000000004,4700,1026.9889999999996,346.33,23218.883190003133,1931.4819999999997,1799.5964,255.58,1811.4669999999999,0,457.76499999999993,143486.22729000315
2023/08,합계,합계,합계,합계,24650,38826.922,400,817.295,43191.289000000004,4700,948.9139999999996,346.33,23088.491370003107,1931.4819999999997,1799.9974,255.58,1851.5659999999998,0,580.2649999999999,143400.76047000312
2023/07,합계,합계,합계,합계,24650,38767.882,400,817.295,43072.317,4700,948.9139999999996,346.33,22562.157600003102,1931.4819999999997,1799.6124,255.58,1851.4669999999999,0,451.56499999999994,142567.2307000031
2023/06,합계,합계,합계,합계,24650,38767.882,400,817.295,41696.457,4700,952.0139999999996,346.33,22322.34790500305,1931.8242699999998,1799.8124,255.58,1849.668,0,453.66499999999996,140955.50427500304
2023/05,합계,합계,합계,합계,24650,38767.882,400,817.295,41201.457,4700,917.2139999999996,346.33,22128.632695003053,1931.8242699999998,1799.8024,255.58,1854.739,0,456.56499999999994,140239.95006500304
2023/04,합계,합계,합계,합계,24650,37727.882,400,817.295,41201.457,4700,917.2139999999996,346.33,21993.380555003063,1931.4419999999998,1799.8154,255.58,1855.8290000000002,0,456.56499999999994,139065.41865500307
2023/03,합계,합계,합계,합계,24650,37727.882,400,915.5949999999999,41201.457,4700,882.0739999999996,346.33,21962.848110003037,1931.5964,1801.1154000000001,255.58,1805.095,0,456.56499999999994,139048.76661000305
2023/02,합계,합계,합계,합계,24650,37727.882,400,915.5949999999999,41201.457,4700,873.9739999999996,346.33,21765.90548000304,1934.5064,1801.1154000000001,255.58,1805.095,0,456.8649999999999,138846.30528000303
2023/01,합계,합계,합계,합계,24650,37727.882,400,920.155,41201.457,4700,878.9539999999996,346.33,21554.355570006293,1934.5023999999999,1800.4234,255.58,1805.1019999999999,0,456.5949999999999,138631.33637000626
2022/12,합계,합계,합계,합계,24650,37727.882,400,920.155,41201.457,4700,878.9539999999996,346.33,20974.720910006214,1892.5023999999999,1812.4234,255.58,1801.002,0,456.5949999999999,138017.60171000622
2022/11,합계,합계,합계,합계,23250,37727.882,400,920.155,41201.457,4700,885.7739999999995,346.33,20734.153420006147,1778.8229999999999,1811.9134,255.58,1799.4620000000002,0,456.5949999999999,136268.12482000614
2022/10,합계,합계,합계,합계,23250,36687.882,400,920.155,41201.457,4700,857.5739999999996,346.33,20531.261708006088,1774.6229999999998,1810.6134,255.58,1799.5420000000001,0,455.8349999999999,134990.85310800606
2022/09,합계,합계,합계,합계,23250,36687.882,400,920.155,41201.457,4700,831.5739999999996,346.33,20355.526423006093,1753.6229999999998,1810.6134,255.58,1799.5420000000001,0,455.8349999999999,134768.11782300606
2022/08,합계,합계,합계,합계,23250,36687.882,400,920.155,41201.457,4700,831.4689999999997,346.33,20280.05511300605,1753.6229999999998,1811.9134,255.58,1799.5420000000001,0,456.5949999999999,134694.60151300603
2022/07,합계,합계,합계,합계,23250,36687.882,400,960.155,41201.457,4700,805.7289999999996,346.33,19904.98412300588,1753.6429999999998,1811.9134,255.58,1756.5420000000001,0,456.5949999999999,134290.81052300587
2022/06,합계,합계,합계,합계,23250,36937.882,400,960.155,41201.457,4700,805.7289999999996,346.33,19881.515448005885,1753.6429999999998,1811.8334,255.58,1446.5420000000001,0,517.504,134268.17084800586
2022/05,합계,합계,합계,합계,23250,36937.882,400,960.155,41201.457,4700,806.5689999999996,346.33,19540.56222300432,1734.8429999999998,1819.9974,255.5,1446.1120000000003,0,517.504,133916.9116230043
2022/04,합계,합계,합계,합계,23250,36937.882,400,960.155,41201.457,4700,794.2489999999996,346.33,19323.79902800551,1726.8429999999998,1820.0484,255.5,1446.0920000000003,0,517.60336,133679.9587880055
2022/03,합계,합계,합계,합계,23250,36937.882,400,960.155,41201.45700000001,4700,790.0489999999995,346.33,19193.905628004133,1726.8429999999996,1838.0354,255.5,1446.092,0,514.70336,133560.95238800414
2022/02,합계,합계,합계,합계,23250,36937.882,400,960.155,41201.457,4700,782.1039999999996,346.33,18708.80398300537,1726.8429999999998,1840.1054,255.5,1445.5780000000002,0,514.69882,133069.45720300535
2022/01,합계,합계,합계,합계,23250,36937.882,400,2160.155,41201.457,4700,782.7489999999997,346.33,18560.524858005083,1726.8429999999998,1841.3354,255.5,1446.0320000000002,0,514.69882,134123.50707800506
2021/12,합계,합계,합계,합계,23250,36937.882,400,2159.025,41683.147000000004,4700,737.1089999999997,346.33,18160.57549300473,1708.043,1841.1414,255.5,1445.034,0,515.602,134139.46889300473
2021/11,합계,합계,합계,합계,23250,37437.882,400,2159.025,41169.767,4700,730.6339999999997,346.33,17717.41863800459,1708.043,1841.1414,255.5,1445.034,0,515.602,133676.4570380046
2021/10,합계,합계,합계,합계,23250,36397.882,400,2159.025,41169.767,4700,710.8339999999997,346.33,17534.1561680046,1708.043,1823.1414,255.5,1445.034,0,515.602,132415.3945680046
2021/09,합계,합계,합계,합계,23250,36397.882,400,2159.025,41169.767,4700,710.8339999999997,346.33,17258.127575004626,1708.043,1818.2514,255.5,1420.1940000000002,0,515.482,132109.4359750046
2021/08,합계,합계,합계,합계,23250,36397.882,400,2159.025,41169.767,4700,691.0339999999998,346.33,16935.800326004315,1690.043,1818.9164,255.5,1320.1940000000002,0,515.2019999999999,131649.6937260043
2021/07,합계,합계,합계,합계,23250,36397.882,400,2159.025,41169.767,4700,674.9839999999998,346.33,16642.76898600411,1692.023,1818.5864,255.5,1320.479,0,514.204,131341.5493860041
2021/06,합계,합계,합계,합계,23250,35379.882,400,2159.025,41169.767,4700,674.9839999999998,346.33,16018.459303003832,1692.023,1818.5864,255.5,1319.8790000000001,0,514.6709999999999,129699.10670300381
2021/05,합계,합계,합계,합계,23250,35379.882,400,2159.025,41169.767,4700,658.7039999999996,346.33,15927.410610003803,1692.2024,1810.6494,255.5,1319.3310000000001,0,514.6039999999999,129583.40541000379
2021/04,합계,합계,합계,합계,23250,34333.426999999996,400,2159.025,41169.767,4700,658.7039999999996,346.33,15896.882770003798,1692.2024,1805.6494,255.5,1319.872,0,514.6039999999999,128501.96357000379
2021/03,합계,합계,합계,합계,23250,35459.882,400,2159.025,41169.767,4700,658.4939999999996,346.33,15696.581785003715,1692.2024,1805.6494,255.5,1319.872,0,514.7639999999999,129428.06758500371
2021/02,합계,합계,합계,합계,23250,35453.382,400,2159.025,41169.767,4700,648.8139999999996,346.33,15187.689055003602,1642.6024,1805.7774000000002,255.5,1321.988,0,514.9039999999999,128855.77885500359
2021/01,합계,합계,합계,합계,23250,35453.382,400,2159.025,41169.767,4700,628.4739999999996,346.33,14644.22573000322,1642.6024,1805.7684000000002,255.5,1321.988,0,514.9039999999999,128291.9665300032
2020/12,합계,합계,합계,합계,23250,36453.382,400,2247.025,41169.767,4700,604.7139999999997,346.33,14574.7912270026,1635.8024,1805.7684000000002,255.5,1321.988,0,426.20399999999995,129191.27202700259
2020/11,합계,합계,합계,합계,23250,36453.382,400,2246.962,41169.767,4700,605.0139999999999,346.33,14014.969069002602,1621.6023999999998,1805.4114000000002,255.5,1317.388,0,423.09400000000005,128609.41986900258
2020/10,합계,합계,합계,합계,23250,36453.382,400,2100.7169999999996,41169.767,4700,607.2039999999998,346.33,13747.65158400265,1621.503,1805.4114000000002,255.5,1316.9379999999999,0,422.6940000000001,128197.09798400263
2020/09,합계,합계,합계,합계,23250,36453.382,400,2100.7169999999996,41169.767,4700,606.2039999999998,346.33,13422.310105002462,1621.503,1805.5114,255.5,1217.238,0,1213.1939999999997,128561.65650500245
2020/08,합계,합계,합계,합계,23250,36453.382,400,2100.7169999999996,41169.767,4700,561.824,346.33,13132.397375002263,1578.303,1805.5114,255.5,1110.7450000000003,0,1213.1939999999997,128077.67077500223
2020/07,합계,합계,합계,합계,23250,36453.382,400,2100.7169999999996,41169.767,4700,535.4739999999999,346.33,12903.198350002152,1575.402,1805.2244,255.5,1110.5580000000002,0,1213.1939999999997,127818.74675000212
2020/06,합계,합계,합계,합계,23250,36453.382,600,2100.7169999999996,41169.767,4700,535.4739999999999,346.33,12444.67328700215,1563.852,1805.2244,255.5,909.713,0,1203.2939999999996,127337.92668700212
2020/05,합계,합계,합계,합계,23250,36453.382,600,2100.7169999999996,41169.767,4700,534.476,346.33,11908.334163002248,1562.442,1805.2244,255.5,908.311,0,1203.2939999999996,126797.77756300222
2020/04,합계,합계,합계,합계,23250,36453.382,600,2100.7169999999996,41169.767,4700,489.63599999999997,346.33,11445.020799002015,1562.442,1803.0404,255.5,898.9060000000001,0,1187.2939999999996,126262.03519900198
2020/03,합계,합계,합계,합계,23250,36441.782,600,2112.3169999999996,41169.767,4700,489.696,346.33,11110.148206002428,1511.5614,1803.1034,255.5,899.5560000000002,0,1197.5919999999996,125887.3530060024
2020/02,합계,합계,합계,합계,23250,36441.782,600,2112.3169999999996,41169.767,4700,489.696,346.33,11110.148206002428,1511.5614,1803.1034,255.5,899.5560000000002,0,1197.5919999999996,125887.3530060024
2020/01,합계,합계,합계,합계,23250,36441.782,600,2112.3169999999996,41169.767,4700,468.10600000000005,346.33,10621.584698002278,1511.5614,1803.1034,255.5,899.6510000000002,0,1178.3919999999996,125358.09449800225
2019/12,합계,합계,합계,합계,23250,36391.782,600,3771.04,39655.399999999994,4700,464.14600000000013,346.33,10505.101538002278,1512.2214,1808.1034,255.5,899.6510000000002,0,1178.3919999999996,125337.66733800224
2019/11,합계,합계,합계,합계,23250,36391.782,600,3874.893,39529.755999999994,4700,446.2110000000002,346.33,9677.79467600187,1487.0004,1796.1334000000002,255.5,887.5763600000001,0,1149.2019999999998,124392.17883600184
2019/10,합계,합계,합계,합계,23250,36391.782,600,3874.893,39160.583,4700,446.2110000000002,346.33,9677.79467600187,1487.0004,1796.1334000000002,255.5,887.5763600000001,0,1149.2019999999998,124023.00583600186
2019/09,합계,합계,합계,합계,23250,36391.78200000001,600,3968.616,38203.56,4700,425.971,346.33,9090.380216,1421.6754,1795.9844,255.5,891.4009990000001,1067.711999,81.49,122490.402014
2019/08,합계,합계,합계,합계,23250,36391.78200000001,600,3968.616,38203.56,4700,425.971,346.33,9048.112311,1421.6754,1795.9844,255.5,891.4009990000001,1592.9119990000002,81.49,122973.334109
2019/07,합계,합계,합계,합계,21850,36391.78200000001,600,4068.616,38203.56,4700,375.811,346.33,8629.888151,1461.6754,1795.9844,255,791.4010000000001,1595.489,81.49,121147.02695099999
2019/06,합계,합계,합계,합계,21850,36391.782,600,4068.616,38203.56,4700,375.8110000000001,346.33,8629.888151001418,1461.6754000000003,1795.9844,255,791.4009999999998,1595.4890000000005,81.49,121147.0269510014
2019/05,합계,합계,합계,합계,21850,36391.777,600,4143.616,37834.386999999995,4700,344.5710000000001,346.33,7756.409119001302,1424.5854000000002,1793.4104000000002,255,713.6189999999999,1595.4890000000005,76.7,119825.8939190013
2019/04,합계,합계,합계,합계,21850,36391.777,600,4143.616,37834.386999999995,4700,344.5710000000001,346.33,7756.409119001302,1424.5854000000002,1793.4104000000002,255,713.6189999999999,1595.4890000000005,76.7,119825.8939190013
2019/03,합계,합계,합계,합계,21850,36391.777,600,4143.616,37834.386999999995,4700,344.5710000000001,346.33,7756.409119001302,1424.5854000000002,1793.4104000000002,255,713.6189999999999,1595.4890000000005,76.7,119825.8939190013
2019/02,합계,합계,합계,합계,21850,36391.777,600,4318.616000000001,37834.387,4700,343.691,346.33,7285.45197,1424.5304,1793.4104000000002,255,537.579,1592.8890000000001,76.7,119350.36176999999
2019/01,합계,합계,합계,합계,21850,36391.777,600,4318.616000000001,37834.387,4700,343.691,346.33,7285.45197,1424.5304,1793.4104000000002,255,537.579,1592.8890000000001,76.7,119350.36176999999
2018/12,합계,합계,합계,합계,21850,36298.737,600,4318.616000000001,37834.387,4700,343.691,346.33,7129.858867999999,1420.3304,1790.4104000000002,255,537.659,1589.939,76.7,119091.658668
2018/11,합계,합계,합계,합계,21850,36298.737,600,4318.616000000001,37834.387,4700,324.955,346.33,6327.410004,1420.3304,1789.8654000000001,255,536.271,1587.189,76.7,118265.790804
2018/10,합계,합계,합계,합계,21850,36298.737,600,4318.616000000001,37834.387,4700,295.16499999999996,346.33,6237.6632740000005,1282.7304,1789.8654000000001,255,536.271,1574.539,76.7,117996.004074
2018/09,합계,합계,합계,합계,21850,36298.737,600,4318.616000000001,37834.387,4700,295.16499999999996,346.33,6237.6632740000005,1282.7304,1789.8654000000001,255,536.271,1574.539,76.7,117996.004074
2018/08,합계,합계,합계,합계,21850,36298.737,600,4318.616000000001,37834.387,4700,295.16499999999996,346.33,6237.6632740000005,1282.7304,1789.6654,255,536.271,1574.539,76.7,117995.804074
2018/07,합계,합계,합계,합계,21850,36298.737,600,4241.193,37834.387,4700,295.06,346.33,5799.4387879999995,1282.7223999999999,1789.6654,255.11,536.271,1570.9289999999999,76.7,117476.543588
2018/06,합계,합계,합계,합계,21850,36205.702000000005,600,4241.193,37834.387,4700,278.34000000000003,346.33,5652.675976,1266.2223999999999,1789.6654,255.11,536.1519999999999,1570.9289999999999,78.42,117205.126776
2018/05,합계,합계,합계,합계,22528.683,36205.702000000005,600,4147.47,37834.387,4700,278.34000000000003,346.33,5652.675976,1266.2223999999999,1789.6654,255.11,536.1519999999999,1570.9289999999999,78.42,117790.086776
2018/04,합계,합계,합계,합계,22528.683,36037.802,600,4147.47,37352.697,4700,252.62,346.33,5281.807068,1266.2223999999999,1789.5744000000002,255.11,536.112,1570.9289999999999,81.51,116746.86686800001
2018/03,합계,합계,합계,합계,22528.683,36037.802,600,4147.47,37352.697,4700,252.62,346.33,5281.807068,1266.2223999999999,1789.5744000000002,255.11,536.112,1570.9289999999999,81.51,116746.86686800001
2018/02,합계,합계,합계,합계,22528.683,36097.802,600,4150.57,37352.697,4700,246.9,346.33,5062.308963,1214.8224,1789.4560000000001,255.11,494.42199999999997,1567.029,21.51,116427.64036299998
2018/01,합계,합계,합계,합계,22528.683,36097.802,600,4150.57,37352.697,4700,246.9,346.33,5062.308963,1214.8224,1789.4560000000001,255.11,494.42199999999997,1567.029,21.51,116427.64036299998
2017/12,합계,합계,합계,합계,22528.683,36097.802,600,4150.57,37832.697,4700,246.9,346.33,5062.308963,1214.8224,1789.4560000000001,255.11,494.42199999999997,1567.029,21.51,116907.64036299998
2016/12,합계,합계,합계,합계,23115.683,30898.424,1125,4140.54,32602.101,4700,214.82000000000002,346.33,3716.318274,1051.0064,1785.211,255.11,353.258,1561.7549999999999,0,105865.55667399999
2015/12,합계,합계,합계,합계,21715.683,26201.91,1125,4242.589999999999,32243.501,4700,171.4,0,2537.5578370000003,834.4154000000001,1770.709,255,244.89200000000002,1606.102,0,97648.76023700001
2014/12,합계,합계,합계,합계,20715.683,25910.51,1125,4254.99,30268.690000000002,4700,161.4,0,1791.182976,603.9724,1766.936,255,137.48,1524.91,0,93215.754376
2013/12,합계,합계,합계,합계,20715.683,24110.51,1125,5254.99,25789.59,4700,126.66,0,1079.8466560000002,554.593,1754.4620000000002,255,126.68,1375.9219999999998,0,86968.936656
2012/12,합계,합계,합계,합계,20715.683,24003.109999999997,1125,5292.64,21885.063000000002,4700,56.1,0,690.2725340000001,476.743,1746.03,255,93.369,766.565,0,81805.57553399999
