기간,원자력,석탄_유연탄,석탄_무연탄,석탄_계,유류,LNG,양수,신재생_연료전지,신재생_석탄가스화,신재생_태양,신재생_풍력,신재생_수력,신재생_해양,신재생_바이오,신재생_폐기물,신재생_계,기타,배출권거래비용정산금,전력시장_계,PPA_계,전력시장+PPA_계
2026/04,12471.441160699998,14304.965763339998,0.000015250000000000001,14304.965778589998,14.31275754,18331.337380239995,473.1520912,963.8723116899997,0,1446.735385240004,332.2103085100001,305.69626499000003,0,1107.9389327700003,143.73066711999996,4300.183870320004,127.2244,0,50022.61751088999,,50022.61751088999
2026/03,11550.734037789998,15560.193149929999,0,15560.193149929999,24.55887174,21445.65410406,521.6383088900001,886.0841455499997,0,1277.2925669200033,244.15528900000004,245.77370189000004,0,1083.1237194300002,200.41727943999987,3936.846702230003,138.8877,0,53178.51290596999,2701.790397,55880.30330296999
2026/02,10594.60941596,17610.05710308,34.162705009999996,17644.219808089998,30.64871172,21131.21049869999,515.42645076,760.7297128300005,0,985.5067974499973,419.70671306,242.32773629000013,0,1108.0343927800002,190.92677256,3707.2321249699976,171.5972,0,53794.94415148001,2214.6,56009.54415148001
2026/01,12625.277397069998,20701.08949506999,21.98966683,20723.07916189999,42.37110763,25640.432506370005,663.34395483,783.6072362399998,0,889.9535638199975,600.2898813600002,266.66267657000014,0.0003745,1211.87995979,204.45160980999998,3956.8453020899974,233.9291,0,63885.27853902999,1977.17,65862.44853902998
2025/12,14706.448463430002,18795.175704739995,223.04632813,19018.222032869995,58.47166712,19831.9492288,720.9668148899999,682.52600168,46.680616920000006,722.3388983000029,410.10568234000016,244.75254038000014,0,1141.12894886,220.75200160000003,3468.284690080003,172.2307,0,57976.57362805,1414.37394,59390.947568049996
2025/11,8204.65222765,14946.494401659997,237.95599717999997,15184.450398839997,22.38856119,17432.14954883,630.96539932,672.3171039199999,41.312941419999994,891.674497590002,331.22969887999983,289.17095172,0.0000078,1018.6091404599997,214.24541886999998,3458.5597606600018,330.0449,0,45263.210802429996,1814.30137,47077.51217243
2025/10,8153.828257269999,15206.766466629999,97.00826869000001,15303.77473532,14.672731740000001,16732.035424499994,577.8059951800001,709.0998899499999,189.84563462999998,893.0631863199956,217.43513774000007,633.0980504399997,0.00106488,981.81471348,193.56201913,3817.9196965699957,226.1218,0,44826.15864137,1682.16062,46508.31926137
2025/09,9922.258435740001,23597.682434690003,104.11993091000001,23701.802365600004,227.76502291999998,18939.088117109997,641.2862984400001,716.0359937800001,153.57769295,1110.2562946700002,200.21464224,507.40171738000026,0.00130257,1145.79386365,183.72660036999997,4017.008107610001,98.8809,0,57548.089268359996,2077.51363,59625.60289836
2025/08,10770.381355249998,27948.394344330012,156.07524146,28104.46958579001,50.71311855999999,24440.907216770003,714.70970904,800.20866884,216.81941847,1504.037111320001,189.09978137000002,416.0072696899996,0,1470.9438038399994,219.88408610999994,4817.00013964,97.0409,0,68995.22194301002,2923.83,71919.05194301002
2025/07,12003.21680547,28221.271693829996,167.01361132999997,28388.285305159996,38.86456961,23482.18310004,802.3336063499999,839.25419999,165.393461,1711.3611089999984,234.45543576999992,405.60329148999995,0,1221.38358336,225.47933384999993,4802.930414459997,572.2864,0,70090.10017504005,3281.20258,73371.30275504004
2025/06,11332.365193820002,18945.22634088,4.69843513,18949.92477601,21.21252265,18515.428994569997,684.11513765,804.76052336,134.41162596,1546.982891929997,251.55925971999994,575.4027294100001,0,963.4126600799998,218.95891753000006,4495.488607989997,347.164,0,54345.69924738999,3019.73003,57365.42927738999
2025/05,12082.3701603,15771.098901259995,7.56229767,15778.661198929994,14.920673980000002,18520.495687260005,719.2452733700001,878.50715074,64.49903892,1558.5810873600067,348.88639055,573.9045039499997,0,1279.86673316,251.51109001,4955.755994690006,125.0878,0,52196.53676499995,3120.37155,55316.90831499995
2025/04,12069.184589569999,12327.476364660002,101.24743144,12428.723796100003,15.5991908,21032.161633039996,751.31223731,830.9035228199992,0,1742.691162059999,379.30367975,329.15220876000006,0.00010644,1137.8401804199998,244.58531155000009,4664.476171799999,303.8114,0,51265.26909333001,3411.01,54676.27909333001
2025/03,12868.674631269998,13131.784605220004,75.39619238,13207.180797600004,26.398995319999997,22546.02766634,820.3790641499999,777.3206264499997,46.881326019999996,1269.2722399199981,386.8829735000001,257.3169838999999,0.00036682,1159.1764659300002,243.8656556800001,4140.716638219998,154.3679,0,53763.745660209985,2571.8,56335.54566020999
2025/02,12570.255913949997,17148.78688237,37.45085832,17186.23774069,51.329691430000004,24330.49624449001,772.9284951499999,723.66710647,211.14309752,1159.319823079996,557.86825998,267.14046593,0,1180.48410882,235.60616144,4335.2290232399955,167.7221,0,59414.19914881001,2254.69,61668.88914881001
2025/01,14067.71952098,19753.60028461999,228.44224204,19982.042526659992,72.57963694,26134.284906740013,905.4793307999998,790.5096581199998,233.72863265,909.7574096600026,450.63311381000017,312.67855634999995,0,1293.2151864099997,224.92884451,4215.451401510002,144.5186,0,65522.07595085,1666.52,67188.59595085001
2024/12,11428.54524194,20102.658689640008,250.03053,20352.689219640008,57.74565715,25838.359002859994,889.2390791499998,758.9750591999999,242.30898994,915.0062846399996,571.4834559199999,298.01570304999984,0.0000021000000000000002,1243.15916055,0,4028.9486553999996,428.0724,0,63023.59926364001,1662.11,64685.70926364001
2024/11,8265.09523237,13287.128405790001,132.86250927,13419.990915060001,26.76947505,20229.827704699997,692.8608190199999,689.7319802,112.82865076,862.3745240599998,341.1301510799999,257.5612994299998,0,1076.12049699,0,3339.7471025199998,360.4562,0,46334.74741827999,1630.55,47965.297418279995
2024/10,8588.915878790001,13217.943630540001,30.097901089999997,13248.04153163,19.822253810000003,18910.17021894,701.73837305,723.36940579,193.78595854,1008.2756039099963,250.98072046000004,308.31413034999986,0,1186.47880066,0,3671.204619709996,318.8871,0,45458.77993335,1860.34,47319.11993335
2024/09,11746.54156034,23489.981296140002,262.58960763000005,23752.570903770003,35.5932043,24055.812262959993,756.97563017,802.3374831399996,251.27823762,1424.4537932699925,189.71076753,457.1400087399995,50.284499610000005,1351.97420358,0,4527.178993489992,370.8071,0,65245.47969964001,2664.54,67910.01969964
2024/08,12705.645337470001,31346.203169140015,349.87473632,31696.077905460013,88.84486669,31186.642665589996,909.71036716,887.5863979300001,281.13928114,1811.806862020012,177.83410273000004,636.6577287700002,48.19334132,1538.4478709799994,0,5381.665584890011,405.1528,0,82373.73953573003,3444.88,85818.61953573003
2024/07,12520.695720120002,24813.678481499996,228.35103439,25042.029515889997,45.817067449999996,27236.260255360008,779.43468817,815.77185781,218.05487165,1278.9408019100001,427.63609186000025,925.29951695,42.46977664,1395.3408929900006,0,5103.5138098100015,428.6489,0,71156.39994576003,2376.48,73532.87994576003
2024/06,10228.308724010003,17712.16031218,233.8162647,17945.97657688,22.15360318,21347.031375850005,660.7652883300001,746.68558495,134.46504228,1569.2872241900081,173.71520329000003,647.0116909100002,40.32137018,1090.72451647,0,4402.210632270009,339.3124,0,54945.75854792,2994.2,57939.958547919996
2024/05,10405.96829864,13720.417497129994,220.19469807000002,13940.612195199994,18.21094024,19585.522150750003,831.1715849899999,774.0216806100001,0,1757.4035365500022,382.22838084999995,691.9386965399997,43.08163795,972.3603656399998,0,4621.034298140002,410.3169,0,49812.83636218999,3338.36,53151.19636218999
2024/04,9311.53025408,15304.145361260002,149.82263879,15453.968000050001,21.031364080000003,19418.211456899993,787.85984738,748.88246118,75.9652627,1289.5914032899962,260.92422425999996,756.7703003499997,43.226973120000004,1197.5986449299999,0,4372.959269829996,357.202,0,49722.76227113,2583.69,52306.45227113
2024/03,7691.303895609999,15972.93890935,159.26178102000003,16132.20069037,43.26789658,25571.065506950003,970.07291954,820.1150004999998,265.65501501,1334.0455879799972,506.54716722999996,426.3417680000002,50.40090247,1445.5865341100005,0,4848.6919752999975,247.3697,0,55503.972583350005,2702.55,58206.52258335001
2024/02,7113.104281950001,17119.34479797,169.78325521,17289.12805318,50.393181129999995,22879.937899930006,763.2018422900001,658.3685045799998,233.35971029,693.1668958899987,328.85479227999997,343.09407121,40.68204548999999,1158.5431538499997,0,3456.069173589998,315.4611,0,51867.29551564,1369.53,53236.82551564
2024/01,8437.37844177,23063.363616150004,343.40854376999994,23406.772159920005,83.68736215000001,31082.699766620008,1015.6723554699998,820.2244356800002,291.02521714,989.4480887199996,534.48096974,354.94653063999976,48.959642249999995,1414.3470802900001,0,4453.431964459999,357.8019,0,68837.44402113999,1787.26,70624.70402114
2023/12,14300.536088509998,18678.10756197,172.64396298,18850.75152495,88.48074964,25084.38975393,779.59546494,791.4149114599999,269.36078848,639.0827087000001,526.0166783299999,412.7049702399999,45.69064938,1450.39758571,0,4134.668292299999,299.8484,0,63538.27029203999,1237.083,64775.35329203999
2023/11,8417.24135835,14674.75650584,92.84667438000001,14767.60318022,46.99588573999999,20497.26574776,737.5001241599999,697.9923768399999,248.5044135,886.4168508700038,537.32072338,317.62460645999994,39.63149877,1220.2499166699997,0,3947.7403864900034,207.4655,0,48621.81219546998,1653.3595,50275.17169546998
2023/10,8526.355087779999,14330.330726009995,188.72409077999998,14519.054816789996,63.8499906,20101.214146329996,800.40053401,776.9408115399998,181.01114250999998,1384.9266233600006,316.25250146999986,433.1529468900003,55.73909113,1357.4238384699995,0,4505.44695537,293.2399,0,48809.56143668997,2514.3509,51323.912336689966
2023/09,8720.29248119,19400.509282000006,314.42318287,19714.932464870006,96.41312826,23338.60891358,759.8906711100001,720.29283644,185.37237113999998,1235.8841014000036,189.12032915000003,682.5300205199998,47.634041440000004,1584.5932422600004,0,4645.426942350003,343.3993,0,57618.96385241999,2299.38,59918.34385241999
2023/08,9917.956701870002,27242.163752829994,304.41869624,27546.582449069996,163.20775410000002,28012.533434999994,729.2121645400001,720.85923931,308.71899441,1500.8596001099972,238.9299659099999,681.0952848800001,54.74249066,1765.8147204099996,0,5271.0202956899975,337.5455,0,71978.05827385998,2739.91,74717.96827385998
2023/07,10162.27497935,25419.61182989,199.92872228,25619.54055217,156.28079924,27675.28466242,700.6770106,736.04659792,182.71018844999998,1247.1896195299987,367.42818957,1107.8600781499997,50.099881859999996,1737.80145702,0,5429.136012499998,339.218,0,70082.41197796002,2387.05,72469.46197796002
2023/06,5234.32759643,20977.538944019998,175.90573791999998,21153.444681939996,131.77125347,22423.499038629998,629.3784551699999,660.0291657599998,0,1480.307916800002,276.7440536900001,519.5202850799998,48.74581498,1420.53180146,0,4405.8790377700025,280.0518,0,54258.351823579986,2972.695,57231.046823579985
2023/05,4756.730237159999,18089.08546977,85.56853104,18174.654000810002,168.06426488,21061.119498209995,754.2636807200001,645.72865194,0,1432.0756083699955,337.49528626,460.9837431299999,50.219141609999994,1292.8051187800004,0,4219.307550089996,290.6633,3880.42590821,53305.228463609994,2865.801,56171.02946361
2023/04,4777.90503248,18366.70594997,37.40294085,18404.10889082,177.04852592,22836.802270859996,705.25488279,674.8583792800001,0,1402.5712423400096,538.0741231399999,322.66942639999996,55.82057898,1587.31474409,0,4581.308494230009,326.938,0,51809.3661431,2985.121,54794.4871431
2023/03,7313.342796949999,21413.69491662,391.59719450000006,21805.292111119998,330.42736535000006,37263.06700277999,1084.72193109,1053.9852429900002,0,2042.502712570002,605.4325505500002,432.8994271099997,78.96180297999999,2099.2631983200004,0,6313.044934520002,614.1592,0,74724.05533872999,4314.187,79038.24233873
2023/02,5660.4121246,22716.448526589997,387.39918581,23103.8477124,326.49215882000004,38625.74591868999,655.0290085199999,1088.03963631,0,1188.7865507500042,452.77749875,291.6685179600001,57.03297337000001,1745.00914081,0,4823.314317950005,355.9117,0,73550.75289447996,3153.352,76704.10489447995
2023/01,6551.026200139999,26811.382979849997,396.88133004,27208.264309889997,482.18003410999995,41925.14660305001,763.50829381,1113.8807870899996,77.54998293,963.9877666500024,703.5476388299999,353.27825529,59.018587149999995,2212.46556878,0,5483.728586720003,347.3357,0,82761.18975060998,2642.498,85403.68775060998
2022/12,7313.426720930001,29141.819570650012,432.90787907,29574.727449720012,425.08885543,48791.68997340001,901.6817367500001,763.16311318,246.46761093,727.1035789600035,757.6332994299999,362.7967950200002,57.986702859999994,2045.7801987399996,0,4960.931299120004,332.3101,0,92299.85617261003,2124.497,94424.35317261003
2022/11,6523.516915159999,25303.093567899992,319.70164014,25622.795208039992,228.03080020999997,36383.34494242,988.0406207,1048.4754488999997,0,1473.1772914899943,604.7061583899999,556.6873080599999,82.09113547999999,2448.0356241899995,0,6213.172966509994,356.8138,0,76315.71530497,3056.825,79372.54030497
2022/10,6619.72944087,24703.04998589,462.24565650999995,25165.2956424,185.95069365,33750.97283633999,1018.9044993700002,1095.68767744,192.24695136,2082.5292481799993,625.5352453399998,670.2369319599998,96.79425721,2445.8937376800004,0,7208.924049169998,562.9571,0,74512.73419879997,4252.6,78765.33419879997
2022/09,6476.65169968,27116.91056788999,345.30329253,27462.21386041999,199.72490634,32364.497836000002,1019.49848902,969.0989963600001,391.80883574,1706.1601278100038,524.4372866699999,1154.5045617400003,88.39173857,2248.2295940999998,0,7082.6311409900045,347.9359,0,74953.15377547001,3730.875,78684.02877547001
2022/08,9431.77691721,33887.742859779995,525.6516403,34413.394500079994,217.24436402,35398.12234977001,1236.50414739,833.12378622,405.20625754,1367.2096495799988,486.0833946800001,1496.5014933799998,71.84130054,2269.2770037600003,0,6929.2428856999995,362.8135,0,87989.09863906,2834.89,90823.98863906
2022/07,7581.378284140001,27933.83067925999,406.41030677000003,28340.240986029992,339.81870913,28671.05709157001,838.8630582000001,617.8633193600001,303.43496787,1162.965191710005,228.30811651,685.3589007099997,51.90186233,1464.68998097,8.16515832,4522.687497780005,222.167,0,70516.21264114996,2596.631,73112.84364114996
2022/06,5388.630336629999,18693.57773626,186.85646112000003,18880.43419738,204.95448173,18999.170960079995,465.58935827999994,521.90972966,122.15304199,949.05808185,347.80182871,385.42686151000004,28.49190927,1102.9427806699998,0,3457.78423366,178.1394,0,47574.70293847999,2216.433,49791.13593847999
2022/05,5477.630170349999,16644.04656976,210.24777837,16854.294348130003,102.75765492999999,19136.504117170007,490.78725093,648.95325077,8.05700409,1394.778608459998,367.92541346999997,350.0855970800001,52.54829482,1484.8024926300004,0,4307.150661319998,204.1259,3408.83812864,49982.0882605,3315.529,53297.6172605
2022/04,6798.999473239999,20439.415433630005,448.0660978899999,20887.481531520007,197.63537082000002,29006.514195999996,633.27593135,902.78677443,252.25268868,1744.5813909699982,532.81861414,423.73325670000037,75.98103757,1494.4661221000001,0,5426.619884589999,303.1448,0,63253.671223159996,4073.564,67327.23522316
2022/03,7823.776250900001,19526.44802626,18.00229774,19544.450324,301.37142928,35634.89827294999,777.06995246,871.9687572900003,366.06265095000003,1318.5770870500046,596.7923389100001,415.76598089000026,52.66418292,1385.97945127,0,5007.810449280006,349.7507,0,69439.12729198,2952.859,72391.98629197999
2022/02,9039.295687680002,22462.148352929995,16.1081088,22478.256461729994,364.20156690000005,32950.11728329001,928.7148276300001,780.1591837999996,320.48646483,1229.898252689999,798.1740011400003,364.31855527000005,66.42319196,1298.9057733700004,0,4858.365423059999,390.2487,0,71009.19995424002,2900.528,73909.72795424002
2022/01,9430.168946060001,22825.86670976001,17.833977599999997,22843.700687360008,987.6944628199999,30874.33962378999,987.1561044599999,665.1093628200001,285.54821996,811.2505241000005,555.89433747,340.2400033200001,58.164154360000005,1188.05097353,0,3904.257575560001,303.3573,0,69330.67476626999,1997.272,71327.94676626999
2021/12,7952.60265042,21881.27432674,0,21881.27432674,511.86581781000007,27309.60788154,913.84110939,631.5077875899998,250.66444138,599.0111479700003,630.9999287200001,299.13880631,53.879566530000005,1194.8022910799998,0,3660.0039695799996,297.4402,0,62526.636011649985,1468.308,63994.94401164999
2021/11,5328.05906112,17828.1954773,280.26844759,18108.46392489,368.90716653999993,19869.867731439997,474.20700631,518.5489943200001,212.87489231,560.3181793600013,443.89902627000015,244.45566116999987,46.57998917,791.7955855099999,0,2818.472328110001,261.8191,0,47229.79632848,1369.822,48599.61832848
2021/10,4491.19702383,14663.529177260003,91.51009802,14755.039275280003,422.53338726999993,15893.507223489996,369.1826302,450.84699437999984,108.14227805,604.6015182200007,225.4400027500001,241.16599864999998,39.92839219,794.38736422,0,2464.5125484600007,216.9539,0,38612.92595081,1502.738,40115.66395081
2021/09,3784.56252706,14798.388202789998,52.0927291,14850.480931889999,432.26352421999997,15291.368281109992,359.9413826,391.6878980500002,178.84009913999998,492.1567244100011,215.8868198800001,318.39864162999993,35.43734723,799.90185037,0,2432.3093807100017,185.4925,0,37336.41857443999,1259.342,38595.760574439984
2021/08,4973.28376098,19627.319780559992,235.80036826,19863.12014881999,357.55997648,19144.46234366,519.96373744,380.88113767999994,162.88937217999998,519.7376643899996,154.77194765999994,323.47531612999995,33.923542510000004,931.1458293000003,0,2506.82480985,241.4175,0,47606.63225936998,1280.555,48887.18725936998
2021/07,7524.079391239998,20203.66122455,216.65035925,20420.3115838,554.9264911099999,18509.954687370002,472.69775883,334.8513381800001,10.608579850000002,574.4610180500005,112.06286329000002,378.9771207099999,31.60625701,867.8804235600002,0,2310.447600650001,240.199,0,50032.61653671,1448.362,51480.97853671
2021/06,7510.183975270001,14731.844724929997,120.18430984999999,14852.029034779996,312.1428642199999,13137.283679189997,302.19436675000003,290.8366204000001,4.9e-7,531.6423915599999,112.66670476000004,349.30202192000013,29.23002782,601.1631289799999,0,1914.8408959300002,199.3156,0,38227.99046585999,1363.231,39591.22146585999
2021/05,7872.210629139999,11854.252012029994,178.28203712,12032.534049149994,361.49813108999996,11205.465268129996,285.32401136,300.45676671999996,104.62648435,500.86298664000105,220.40351177999997,274.02721791000016,30.579071380000002,642.86199975,0,2073.818038530001,129.1082,5517.95146779,39477.90973140999,1284.079,40761.98873140999
2021/04,7486.5650899,10022.138057560001,88.8835222,10111.021579760001,184.43547125999993,11573.457915690002,286.99220942,282.66539937000005,148.4056036,505.91603072999897,216.11918817999998,186.1471605800001,29.91127163,576.43233602,0,1945.596990109999,183.3609,0,31771.430185000005,1322.254,33093.684185000006
2021/03,9140.573495190001,11513.09156035,114.81324872,11627.90480907,177.00579844999996,14837.209286450006,307.98396185999997,314.60087808,136.80058411,494.43280481999807,239.46872073999984,178.01554199999998,35.8157813,664.4724717600002,0,2063.606782809998,256.1105,0,38410.39468144001,1254.837,39665.23168144001
2021/02,8709.25583305,12739.867811059998,116.37903133,12856.246842389997,323.51853221,14194.758000160002,385.02306434999997,247.48635157000007,132.67646414,339.8248140600005,300.0334648800001,156.61523458000002,26.26128374,456.78395901999994,0,1659.6815719900007,204.0916,0,38332.57545649001,908.667,39241.242456490014
2021/01,9705.57866825,15525.016910159993,177.18977303,15702.206683189994,585.36348142,17885.323566470008,471.29063437,252.76174500000005,133.60196559,242.8089522199997,271.61512008,176.58481808999997,27.9200457,492.0581300400001,0,1597.3507767199999,213.2544,0,46160.36821841,655.485,46815.853218410004
2020/12,10464.187056640001,12670.035727940003,166.43958288000002,12836.475310820004,662.1737180499999,15996.95692618,371.35056377999996,235.49585708000004,132.15042998,232.23561432999944,274.2047184900001,164.25701525999997,24.872848489999996,462.36682479,0,1525.5833084199996,184.4151,0,42041.14200414,,42041.14200414
2020/11,6827.712917599999,8136.680908610004,138.55467803,8275.235586640003,529.75977707,8342.879675540002,176.06204951,165.39726969,94.41921357,181.24465910999996,164.75412881000003,120.05916628999998,18.07648945,340.1768978,0,1084.1278247199998,95.9392,0,25331.71703238,,25331.71703238
2020/10,6393.96492079,7846.407833060003,9.5613267,7855.969159760003,251.11679697000002,6981.98765909,160.71639402,167.39504732,95.8166078,252.44540396000045,122.18234186999995,127.45646570000001,20.729234540000004,330.19972212999994,0,1116.2248233200005,150.0191,0,22909.998873420005,,22909.998873420005
2020/09,5074.86909936,11464.124212229995,25.41642092,11489.540633149996,886.5210552599998,8850.032023929994,218.34247087999995,175.51071333999997,95.54328334,244.75744735999982,112.71068156999999,398.94713720999994,22.12068131,497.7583804599999,0,1547.3483245899997,494.9602,0,28561.613795839992,,28561.613795839992
2020/08,8314.87727936,15418.652270359999,117.87011715,15536.522387509998,408.07139513000004,13217.939597979997,342.42298129000005,194.11972832000004,88.08507877,292.4446096,171.63668239000003,595.3559681700004,22.91098633,564.1531991599999,0,1928.7062527400003,644.2955,0,40392.83548038999,,40392.83548038999
2020/07,10004.669290240001,15949.529271609998,203.68724114999998,16153.216512759998,197.59017790000004,12760.881011880003,333.84289364999995,208.30340209000005,48.19915172,285.1626592499998,116.31461061000006,329.74943290999994,24.95195689,450.61779219000005,0,1463.29900566,719.4531,0,41632.95201507001,,41632.95201507001
2020/06,8242.801722330001,12510.066619990002,170.79014336,12680.856763350002,101.30479898000002,9251.386914559998,240.94322337999998,192.50549175000006,0,365.48375814999935,114.49184815999998,238.85651964999994,23.64424619,343.13105036,0,1278.1129142599993,758.0901,0,32553.496377260002,,32553.496377260002
2020/05,6761.643455989999,11004.67109962,133.39920451,11138.07030413,64.31863414,7309.778538040001,281.33287669000003,200.89020692999995,53.64693327,367.8761526600002,163.25928889000005,215.4552896800002,25.74103651,398.2004276,0,1425.06933554,546.1637,1301.0417735400001,28827.418579709993,,28827.418579709993
2020/04,6384.038477220001,11585.580696459998,91.97985805,11677.560554509997,191.46800858999998,8664.194838040003,282.75589374000003,186.76672042,151.22177132000002,435.0522750499999,258.28396464999986,173.42294060999993,27.784212540000002,452.52518669999995,0,1685.0570712899996,537.8862,0,29422.961062189996,,29422.961062189996
2020/03,7773.58210455,12146.11737222,84.13615078,12230.253523,178.28129277,13639.245812149999,353.47102804,196.83011438000005,177.30243438000002,424.23123751000094,261.75016278,213.52373520000015,33.54504561,498.35621440999995,0,1805.5389442700007,601.7416,0,36582.11427604001,,36582.11427604001
2020/02,7341.955376090001,14793.009986630006,178.83502796000002,14971.845014590006,231.86617746,15408.474907540001,435.71415335000006,166.86423855,154.72605006,280.7921669600001,249.69788841000005,206.76260059000003,30.80652943,468.63152025999995,0,1558.2809942600004,652.4294,0,40600.56600650002,,40600.56600650002
2020/01,7372.002184800001,17694.67031094,201.34176312000002,17896.01207406,519.9976132800002,18538.87446755,482.5548105599999,177.28293197,160.74552577,210.25908626999953,275.81354049,239.0233582600001,32.30284758,470.05130382999994,0,1565.4785941699997,662.4425,0,47037.36225289,,47037.36225289
2019/12,8545.523309310001,15589.546520719998,176.76576675,15766.312287469998,1122.6584031299997,18095.773093490006,359.47292137,173.92493322,112.18508508000001,207.75269641000014,316.58158197000006,207.94107846,32.63928086000001,552.02882408,0,1603.0534800800003,610.8957,0,46103.6892568,,46103.6892568
2019/11,6253.93925232,14337.633873030003,133.21826214,14470.852135170004,369.16198188000004,12152.118774959998,268.94292603,152.47362447999998,52.83042267,238.22815359999976,247.13782418000002,166.13415524,31.748176580000003,440.25916119,0,1328.8115179399997,717.477,0,35561.30352939,,35561.30352939
2019/10,5301.407834079999,14566.44321407,110.48314961,14676.926363679999,385.46624283000006,10464.985165830003,303.58006424,172.21094759000007,128.06613588,309.2918081100002,237.07878214000002,236.56902906000022,37.61446045,471.5210677500001,0,1592.3522309800005,631.3908,0,33356.10868421,,33356.10868421
2019/09,4967.2723902,15014.438188130001,137.93681522,15152.375003350002,334.4045188299999,9870.672236940003,314.85141399,151.85996896000003,135.7101798,245.6114338699998,131.76953128000002,239.04086573000004,31.96135333,498.91187548999994,513.75101749,1948.61622595,34.5322,0,32622.723977900012,,32622.723977900012
2019/08,7037.675412059999,19011.678757219997,235.08235429,19246.761111509997,892.3855872500003,15038.876637870002,401.97950710000003,152.20638444999997,136.59047693,346.3515027400003,143.21872405000002,296.65987756,33.835197879999996,578.84097682,939.5343233500002,2627.237463780001,38.7054,0,45283.62116996999,,45283.62116996999
2019/07,6371.028395319999,17931.412763799995,227.56406889,18158.976832689994,835.0124021199999,14144.415408009996,372.34753619,140.30318810000006,0.01684998,278.7261616499994,171.84447383,257.7837616099999,28.853329589999998,503.77099314,940.4991792199997,2321.797937119999,27.3698,0,42230.94825648,,42230.94825648
2019/06,5825.68221857,12664.37847211,170.16918202,12834.54765413,566.4699610800001,9457.50961123,220.41537079999998,129.87690899,36.33719273,315.84096151000034,94.74939235000002,225.46089579000002,27.68315614,366.8497268999999,755.9203803700001,1952.7186147800007,32.6396,0,30889.98302982,,30889.98302982
2019/05,6110.98651329,10462.299229959997,133.69821207,10595.997442029997,426.9398066400001,9569.784066319999,244.63127361,145.39129973999994,36.46617991,374.28840125000005,200.05064577999994,238.6236843500001,30.402814929999998,320.2387593899999,750.9393398100001,2096.4011251600004,32.558,3388.4945320399993,32465.792684850006,,32465.792684850006
2019/04,7116.231159780001,11662.292052730001,185.81286099999997,11848.104913730001,486.5211104000001,12892.744213279993,327.68523723,177.84911444000005,0,344.6660269499998,192.01685737000008,256.6138812199999,38.358836419999996,399.22760929,761.83675042,2170.56907611,41.2859,0,34883.14162762999,,34883.14162762999
2019/03,8286.83681404,14902.363077080005,262.39923063000003,15164.762307710005,1330.91456235,15904.144173019991,378.51350553,207.29817478000004,0,393.07504356000095,339.84310285,219.00531899,44.571083120000004,389.31321841000005,862.5262859799998,2455.632227690001,39.17,0,43559.97353370999,,43559.97353370999
2019/02,6784.19416162,17017.62104862,269.24331661,17286.86436523,929.3869091200004,15900.254070289997,447.65970673,176.22016541000002,0,272.1603062199996,273.94163253999994,221.61190034999993,39.95260355,211.62708992000003,835.1966071299998,2030.7103051199995,39.7206,0,43418.79011116,,43418.79011116
2019/01,8340.5581669,22054.632968870003,327.09135253,22381.7243214,1497.7408099100005,21331.318680310007,540.7396805100001,203.24005335999993,0,286.9278496999996,417.38398208999985,279.07042836999995,42.978324130000004,298.84243609000004,929.9816351499999,2458.4247088899992,47.5364,0,56598.042804530014,,56598.042804530014
2018/12,8501.138135969999,16060.124082750002,222.68490605,16282.808988800003,1172.5968110399997,19585.365212610002,509.5589709899999,195.37962794999996,76.14908948,222.87583063999952,379.73021931000005,338.60973386000006,43.23440865,273.27374988999986,1024.9556144300002,2554.208274209999,48.6635,0,48654.33994236,,48654.33994236
2018/11,7244.006902409999,12852.743000859995,241.52767395000004,13094.270674809995,621.9348486600001,14389.655883470004,375.2336925,173.6222949,192.149607,239.68379264999984,165.01339380000002,264.48668850999996,41.84500969,244.68548655000004,990.0142673899999,2311.50054049,46.807,0,38083.409542739995,,38083.409542739995
2018/10,6693.323741359999,11749.112932450005,273.49430321,12022.607235660005,841.4483742100002,12606.906223369997,333.89110411,155.27939690000002,80.27672116,303.1252589800002,250.21043418999997,242.11494267000012,42.138462790000005,202.79276382000006,834.8370000899998,2110.7749806,48.0925,0,34657.044222970006,,34657.044222970006
2018/09,5841.952094699999,13265.21169403,321.10406664,13586.31576067,587.31736572,10421.187503739999,430.90616938,123.07169338,147.02085005,245.95826027999982,167.98763103000007,348.07573708000024,36.01354051,212.85710181999994,785.5711591000003,2066.5559732500005,37.8443,0,32972.07918475999,,32972.07918475999
2018/08,7479.102573889999,17696.130508259997,381.77544312,18077.90595138,1317.60640797,15208.140790010004,544.53117232,124.67120606,140.82434367,285.2685655599997,152.03780038000005,293.6415835199999,36.17960248,231.8016049999999,922.8826477899997,2187.3073544599993,37.1935,0,44851.78779319,,44851.78779319
2018/07,7839.069202989998,18248.30894167,346.97137699,18595.28031866,1257.30768474,14767.561353210005,504.27403788,121.85786930999998,0,299.7019305900004,129.08893687999995,419.36138941999997,31.92905983,196.56205426000005,968.0240238,2166.5252640900003,37.8614,0,45167.87927838001,,45167.87927838001
2018/06,6473.91893249,13978.663542039998,176.33416015,14154.997702189998,605.8079401099999,12713.72456941,368.58857202,124.70510539000001,0,273.0298459100001,100.89177418999999,405.6832843799997,33.459599170000004,235.45351719000007,870.5137277699998,2043.7368539999995,32.7426,0,36393.51718811,,36393.51718811
2018/05,6001.7050590300005,13108.943732539996,115.32510502,13224.268837559996,545.1130577199999,11495.669285159998,332.66533084,127.02507345999997,43.40877535,250.83927827999966,198.89446847000002,441.3249517000002,36.12332987,159.71749564000004,664.0681137600001,1921.40148653,36.9191,0,33557.74216013,,33557.74216013
2018/04,5168.481492250001,13154.146964049998,109.37423165,13263.521195699997,407.11496201999995,12990.470247140005,300.62067906,119.95151995000002,154.72565117,264.34080515000016,234.32415813999992,211.49938178999972,37.17846338,202.75552442999998,702.5068829300008,1927.2823869400006,36.5181,2623.98039337,36717.98946675,,36717.98946675
2018/03,5938.139564319999,17439.945687479998,90.55221645,17530.497903929998,1241.1775988999998,16702.39410961,392.47540609000004,134.97471538,136.45549213,268.9732546199998,260.06496415000004,184.3020113999999,43.66446535,250.88532681999996,708.2426243699997,1987.5628542199993,41.9675,0,43834.215023909994,,43834.215023909994
2018/02,5356.912917259999,17653.348915159997,118.52770302,17771.87661818,1267.57932674,14829.29705899,364.49639191,106.84687353000002,96.85453503000001,186.28266664000003,254.59369663000004,186.36070574999997,32.4998941,185.15396714000005,771.2165803,1819.8089191200002,29.9572,0,41439.92843704999,,41439.92843704999
2018/01,6372.39372534,20431.072635440003,137.5583902,20568.631025640003,1908.6459845400002,18654.27715038,430.14466323,122.28483015000002,151.10391965,160.6149779099998,305.3539374100001,213.63064847999993,38.81925966,233.08524576999997,929.6832977799994,2154.5761168099993,35.9692,0,50124.637835279995,,50124.637835279995
2017/12,8067.35824165,16258.18570928,237.79652043,16495.98222971,1518.79867721,17449.08423967,366.71803673,122.91667851,90.13141884999999,144.72191291,314.34300626,195.13538904,37.34351333,205.95144638999997,862.04842546,1972.59179075,15.6758,0,45886.20905917,,45886.20905917
2017/11,7419.03942352,12311.61996196,181.76286048,12493.382822439999,591.21437576,12237.70535697,288.28229436,102.33615861,85.22001621999999,147.95430398,217.02351546999998,156.06885381,32.04285755,170.50918882000002,807.58061877,1718.73551323,22.5073,0,34770.8670788,,34770.8670788
2017/10,5563.45802905,12035.59082871,206.07041465,12241.661243359998,356.96858987,7335.24692657,315.26890048,88.38634911999999,0,143.75721398,122.3893324,161.81216305,28.04670368,175.56132465,838.59518065,1558.54826753,24.4743,0,27395.626307169998,,27395.626307169998
2017/09,6133.48788823,13865.49924148,165.25641722,14030.7556587,506.74067815,8090.60611747,422.4385963,85.3031366,103.78845325,173.87228642999997,98.86333091,219.67358004000002,28.390607460000002,163.15416865,833.00848656,1706.0540499,18.6166,0,30908.69949431,,30908.69949431
2017/08,6480.17677484,16019.60132474,300.77263612,16320.37396086,787.64063885,11432.1055968,478.68825231,92.45364699,116.7521841,182.91114991999999,88.27232631000001,477.42371547000005,28.710779579999997,180.63996938,849.03475964,2016.1985313900002,20.0409,0,37535.22460555,,37535.22460555
2017/07,6708.26577893,15586.90267165,222.28995892,15809.19263057,1007.82619112,12672.90861151,344.9024193,94.60585114,12.5493468,157.25538698,104.36043754,298.73708854,28.99077758,146.01836383,836.86014168,1679.37739409,24.1133,0,38246.586286649996,,38246.586286649996
2017/06,7056.69660108,14053.85140703,216.52863329,14270.38004032,594.34816927,10625.00867711,378.11350101,102.58420582000001,40.62512712,216.10771519000002,76.25225959000001,195.52029492999998,31.15957895,167.27864445,767.8420494500001,1597.3698754999998,25.8617,812.86695861,35360.64558929,,35360.64558929
2017/05,6912.07664031,13163.19877523,309.3243887,13472.52316393,371.65389558,7409.7073146,352.93103241,90.24757466,62.14735794999999,218.70414385,120.32703117999999,205.96447621,33.51367791,152.79671741,783.81220789,1667.5131870599998,25.9971,0,30212.40236319,,30212.40236319
2017/04,6508.29422109,12144.06663267,337.34963519,12481.416267859999,399.96638786,7192.14508538,278.83601234,84.02658565,106.30527631999999,186.02818061999997,166.40592772,159.88861860999998,31.340539050000004,110.03737801,700.34753119,1544.3800371700002,17.7219,0,28422.75988925,,28422.75988925
2017/03,8272.5449759,17080.07859977,461.71015922,17541.788758990002,622.02483184,12128.26676717,380.26610634,106.00571534999999,97.93141776,211.17699513,170.82402272,181.19022985,40.87940709,159.30465757,755.2078406599999,1722.52028613,30.8597,0,40698.271473780005,,40698.271473780005
2017/02,8170.66729285,16287.76879819,580.8258653,16868.59466349,1324.85808464,12036.76342146,430.14326287,93.89799846,15.425738200000001,167.28480086,254.34831280999998,167.76219184,33.87073269,119.95430762,733.33297185,1585.87705433,18.8181,0,40435.721965640005,,40435.721965640005
2017/01,8430.53051105,17909.7530254,615.37809005,18525.13111545,1401.42953862,12676.73542351,457.0239533,96.77620300000001,39.08143331,122.45641992,237.75206301999998,178.74495081,36.03980643,133.13328265,848.62968305,1692.61384219,27.0769,0,43210.541291890004,,43210.541291890004
2016/12,11475.04902226,18356.90262876,639.04244445,18995.945073209998,1675.70113352,13254.07460647,430.96212496,96.92022528,71.78018629,100.18294156,220.93371276999997,170.85168032,35.79171858,94.13731607,820.21026849,1610.80804936,25.7538,0,47468.29375065,,47468.29375065
2016/11,7793.22986057,13175.76996986,458.66335242,13634.433322280001,975.48228135,11413.02955319,286.23726148,72.58253336,30.090239099999998,92.97984754,142.80060873,140.52884729,29.56043516,96.25978248999999,805.4560918100001,1410.25838548,21.4966,0,35534.16728471,,35534.16728471
2016/10,7848.29066921,10909.89276283,320.6257254,11230.51848823,797.3849674,8085.59044668,247.86160122,69.47289293,44.02366263,88.96409197999999,101.04757626,139.26388236,31.57520497,101.98795329000001,789.13128344,1365.46654786,19.3808,0,29594.493509930002,,29594.493509930002
2016/09,8086.49739675,10958.43215605,357.62927567,11316.06143172,604.00408159,7692.81476309,356.29561845,65.52250091,0.00001595,98.3630422,55.59303598,165.00177166,29.576955039999998,84.21177255,818.82979824,1317.09889253,15.6663,0,29388.438498339998,,29388.438498339998
2016/08,8438.56608029,12900.72494344,555.93745204,13456.66239548,1016.06976032,9661.1158658,409.77535804,64.10835785,63.2530882,148.72844465,58.45525551,243.32085290999999,30.30619234,97.39327175,856.51959416,1562.08505737,17.4015,0,34561.676101970006,,34561.676101970006
2016/07,7471.81880923,11880.90820586,523.76278031,12404.67098617,1189.52516624,8846.72432626,302.0038187,60.84361309,17.33254172,116.85280815,60.935690359999995,470.29951975999995,27.04219092,87.31408386999999,760.13862156,1600.7590694300002,15.8106,0,31831.312852000003,,31831.312852000003
2016/06,6720.90789608,10441.52241608,436.63313709,10878.155553170001,755.47681961,7011.91600023,206.87071032,56.74913413,0.66352849,112.00600164,46.48343249,223.22652032999997,25.67234824,72.69116097,657.76573105,1195.25785734,12.941,0,26781.52584137,,26781.52584137
2016/05,6982.48169078,9625.30678933,477.56197106,10102.86876039,724.97063342,5473.75833657,232.44134055,58.8633114,0.00027195,143.27584775,91.46285441,253.26058879,27.91101913,64.87392378,773.33774042,1412.9855576300001,12.5897,0,24942.09605612,,24942.09605612
2016/04,8475.40232004,9362.21004221,457.07863488,9819.288677089999,1050.60695361,5626.24007317,228.89309507,67.91655505,0,128.80037443999998,100.57343231,181.09307780999998,29.94166505,92.29845255000001,803.85582935,1404.4793865600002,15.0397,0,26619.95025314,,26619.95025314
2016/03,10097.2423139,12534.69707541,685.8932221,13220.59029751,1868.38724082,10363.61302554,300.20719696,83.43420082,0,156.27105189,124.91107577999999,147.12141206,36.748719799999996,111.09893283,759.05988555,1418.6452787300002,7.4107,0,37276.096054609996,,37276.096054609996
2016/02,9886.05211956,12457.81440442,636.21586934,13094.03027376,1757.74482883,10495.87233911,385.34007567,77.01249036,0.01682208,113.94566353,185.37494809,87.18242355000001,34.0540844,100.94729351,732.1488991800001,1330.6826247,11.3203,0,36961.04250857,,36961.04250857
2016/01,11513.07748711,14916.18866639,722.98257103,15639.17123742,2079.37880011,13204.03342767,455.29251412,83.32758460999999,0.00047373,87.60228898999999,197.39700778999998,99.77109514,36.82930517,96.18738083,812.57843251,1413.6935687700002,10.4424,0,44315.089452629996,,44315.089452629996
2015/12,10828.52018654,14542.05412873,513.36724056,15055.421369290001,2167.4158589,11857.48735884,399.2922889,102.60405052,-0.0001,181.60142269,165.45729919000001,90.74741077,39.539214550000004,79.82693225,887.7307741100001,1547.5070040800001,3.7818,0,41859.42585765,,41859.42585765
2015/11,9818.87664116,11727.09850376,368.56218688,12095.660690640001,1901.87435831,8754.95005971,306.37736193,124.41436683,-0.0001,65.19385265,118.03089973,93.981554,39.64555354,111.40990721,696.96661452,1249.6426484800002,3.2194,0,34130.60107999,,34130.60107999
2015/10,9210.0597961,11163.2011439,323.70134688,11486.90249078,682.18320534,9091.32581662,338.18169513,87.63836658,-0.0001,324.18807137,127.94570879000001,137.8429545,44.06500499,123.74740814,866.13972978,1711.5671441499999,4.1865,0,32524.40657399,,32524.40657399
2015/09,7757.56920317,11348.51720215,415.53283083,11764.05003298,660.2240407,9319.14794004,426.34698176,86.71447083999999,0,143.32604116000002,69.54700372,136.27534782,35.74979475,96.87072249,846.0367197500001,1414.52010053,1.2348,0,31343.09305201,,31343.09305201
2015/08,8199.75021342,13154.23661842,497.8036902,13652.04030862,804.07497677,10766.17972233,569.11459556,91.52663211999999,0,142.57439351000002,63.293906539999995,158.39999526,36.55447517,110.50737317,841.38060462,1444.23738039,0.783,0,35436.18024147,,35436.18024147
2015/07,9329.65792402,12275.47501204,482.80362308,12758.278635120001,640.58618045,8875.03339745,555.60378446,72.48425043,0,124.55113576,88.27494361999999,194.87288329999998,32.41116783,97.04594438,796.46066458,1406.1009899,0.1011,0,33565.36202199,,33565.36202199
2015/06,5988.27639469,11832.82248424,635.20072775,12468.02321199,543.51825938,8883.60333847,196.45729142,115.77988335,0,632.8471226500001,51.368522899999995,208.21690382,32.25144975,108.00700519,814.24501301,1962.71590067,0.101,0,30042.69541469,,30042.69541469
2015/05,5540.88287031,8076.22940031,616.47614762,8692.70554793,621.51252513,8575.68395233,211.70710498,88.24997601999999,0,176.96486495000002,100.21026873999999,285.39265912999997,39.23737241,81.98069607,765.05007375,1537.0859110699998,0.1269,0,25179.70479444,,25179.70479444
2015/04,6209.28445795,8229.67427001,613.83748767,8843.51175768,1088.6662665,9772.50692449,252.55731491,106.29230337000001,0,182.46324758999998,116.52046057,251.93212259,39.431521509999996,82.73524873000001,814.29965635,1593.67456071,0.0908,0,27760.29210563,,27760.29210563
2015/03,7759.03157941,10728.05979923,864.00750034,11592.06729957,2254.61609429,14597.98280695,475.53047201,113.24027017,0,237.71517529000002,154.67714669,254.02057384,49.14227189,33.60415957,869.4447034499999,1711.8443009,0.1198,0,38391.19240173,,38391.19240173
2015/02,7496.68372119,10723.48640859,851.25053606,11574.736944650002,1300.4830926,14463.4632172,487.88585109,98.86422850000001,0,241.23529522,174.37937779,253.46585591,44.945363310000005,71.10331397,730.93011257,1614.92354727,0.1188,0,36938.29513322,,36938.29513322
2015/01,10396.31838425,13339.46955172,1121.27255796,14460.742109679999,1472.16491891,19483.87529142,614.33449833,127.28148725999999,0,128.95947921,231.16106956,322.82194934,58.19623448,78.54753797000001,932.65669509,1879.6244529100002,0.1538,0,48307.21348518,,48307.21348518
2014/12,5791.8167687899995,11136.06962841,651.28803578,11787.35766419,1293.2908093700003,20493.532030199993,636.32763869,125.13119264999997,0,153.31346394000005,283.77202420999987,314.0579537,58.56401797,105.82744116000002,1077.55557354,2118.22166717,0.1481,0,42120.69471356999,,42120.69471356999
2014/11,6072.0877488099995,10382.48074343,628.12649582,11010.60723925,867.2330533499999,15037.307578270005,553.69714521,143.39495517000006,0,121.43262171999996,143.76589576000003,281.83734486000026,53.54600222,66.43713586,949.03627395,1759.4502295400005,0.1636,0,35300.546540949996,,35300.546540949996
2014/10,6465.5358454199995,9725.997285190002,481.49597874,10207.493263930002,695.75405205,14062.02694388,690.76420431,136.62149923,0,250.20631924000006,135.87111548999997,301.55683740000006,54.07976009,62.35918583000001,1071.92380159,2012.6185188700003,0.1432,0,34134.33605153,,34134.33605153
2014/09,5868.49719261,9418.59780255,515.76404901,9934.361851560001,971.3956970300001,13659.3730385,825.50477587,102.27511582999999,0,185.37041367999996,67.89500437000001,361.80681032999996,50.643920980000004,52.20158203000001,811.6477554499999,1631.8406026699997,0.1139,0,32891.08705224,,32891.08705224
2014/08,7276.25977513,10883.41593764,627.80620291,11511.22214055,915.5641015499999,12236.708608549998,896.24682094,124.39401627000001,0,121.83829891999986,97.32630084,394.26203167000006,52.37790456,59.817571259999994,731.0235658299998,1581.03968935,0.0454,0,34417.08652333,,34417.08652333
2014/07,7530.096324650001,11430.974479089997,675.78409363,12106.758572719997,1964.8914825700003,15780.222368529998,893.48348684,104.14197255,0,252.09769707999942,102.34352994000001,370.01712317999977,55.97968161,61.48936553000001,794.2408095299996,1740.3101794199988,0.051,0,40015.813479929995,,40015.813479929995
2014/06,6366.7419417599995,11873.87977878,571.94921853,12445.82899731,1257.29174714,12466.793417150006,656.8953744400001,146.69473811999998,0,587.33536726,59.00668307000003,387.8411477100001,51.93548595,126.71141669999997,758.0046690400003,2117.5295078500003,0.1006,0,35311.181592340006,,35311.181592340006
2014/05,7208.462882080002,9041.703758219997,476.21082562,9517.914583839998,1284.79218032,12803.072883679999,676.3619589,104.48008222,0,200.1372027499998,176.36406722000004,402.0949508099999,56.56427623,62.33562372,788.10350455,1790.0797074999998,0.1465,0,33280.83071671,,33280.83071671
2014/04,7348.642822439998,8661.76686571,540.5050375000001,9202.27190321,1343.2462227799997,14494.544537869999,610.20109972,117.97922819000001,0,169.17522990999998,129.82998677,371.49829311999997,60.475449680000004,67.75309958999999,771.5671818600005,1688.2784691200004,0.1123,0,34687.29739702999,,34687.29739702999
2014/03,7442.77727022,10195.434204590001,616.78174585,10812.21595044,2239.61666892,18745.714915110002,820.8990303200001,130.39622748000002,0,160.68811641000013,214.74345259999998,406.12320537999983,70.77805986,109.52794159999999,797.2105742899998,1889.46757762,0.1814,0,41950.87286492999,,41950.87286492999
2014/02,6612.415820980001,9419.803475380002,611.52560207,10031.329077450002,1879.5362213599997,16783.61665764,703.5368415400001,105.75433112,0,162.4953537999998,120.51956335999999,338.71835663999974,55.15609545,64.087177,634.00956725,1480.7404446199996,0.1722,0,37491.34721018,,37491.34721018
2014/01,7623.094566919999,11226.464913269998,665.19714101,11891.662054279997,2092.69509808,18245.17311507,683.1617223500001,110.27070777999998,0,120.22349651999991,207.37699148000004,285.5726738399999,61.070256259999994,72.23810826,725.1884537399995,1581.9406878799994,0.1739,0,42117.90117739,,42117.90117739
2013/12,1463.9883590900001,7818.370619190001,436.26263846,8254.63325765,2483.0858790900006,19309.853088690004,649.07987324,123.35360704000003,0,108.18138755000004,232.40579708,307.91653856999994,62.13265952,81.59073853,676.09576579,1591.6764940799999,0.1808,0,33752.49771365001,,33752.49771365001
2013/11,2179.22118103,6880.259039269998,395.15009546,7275.409134729997,2613.3730680299996,16415.025057929997,638.84943348,108.48245237000003,0,82.27602826,208.31965073000006,309.4497157499998,56.10906961,54.04392155999999,698.1827201100001,1516.86355839,0.0993,0,30638.840730139997,,30638.840730139997
2013/10,3267.4035388499997,7490.156278050002,459.91432145,7950.070599500002,2700.426937810001,15762.118120680005,775.9228056699999,109.64366348,0,134.90695442000003,136.30127599999997,422.36679427999997,62.124322060000004,32.65303709,657.2899863800002,1555.28603371,0.0117,0,32011.239726190008,,32011.239726190008
2013/09,2973.3741909299993,8221.39895345,500.29880526,8721.69775871,1567.9894377700004,11881.35241173,668.2849395999999,103.64098293,0,151.32691452999995,62.74700571,406.9571004300002,49.13319733,54.08481566,511.21571233999987,1339.10572893,0,0,27151.804467669997,,27151.804467669997
2013/08,3810.0385523699997,9417.68633341,659.56614408,10077.25247749,3585.59693112,16627.82361361,958.9199923400001,75.82469370999999,0,130.15456256000013,107.54960449000001,911.9635655999998,58.11555072,72.42032689000001,384.45310029,1740.48140426,0,0,36800.11297118999,,36800.11297118999
2013/07,5656.44681328,11306.945472270003,705.64607215,12012.591544420004,3390.8630748899986,16643.28218776,881.04378155,66.08530228999999,0,100.56596870000001,191.02688432000002,1106.73517889,54.371637199999995,69.02926039999998,502.21187883999977,2090.02611064,0,0,40674.253512539995,,40674.253512539995
2013/06,4573.850872610001,9894.052930330003,587.5393994899999,10481.592329820003,3005.3715520600003,15228.172347200001,837.36794058,53.57328445,0,109.34372954999988,33.68877893000001,671.64951725,59.67276178,66.22354456,486.8619803899998,1481.0135969099997,0,0,35607.36863918001,,35607.36863918001
2013/05,4827.32537018,9167.62875596,442.01854168,9609.64729764,2466.730094250001,14687.0718704,633.64064838,51.07365657000001,0,117.98232042999999,125.19215644000002,665.0339795800003,61.26513439,64.95647795,475.7114520800002,1561.2151774400006,0,0,33785.63045829,,33785.63045829
2013/04,5292.21432776,8735.89019324,555.0350046799999,9290.92519792,3222.7676787299993,16617.20119775,679.5891589400001,51.43022122,0,111.13506639,198.41121278999995,640.7154256700003,64.99122357,64.46349466000001,502.63915103000005,1633.7857953300004,0,0,36736.48335642999,,36736.48335642999
2013/03,5582.94338064,10250.43100284,631.87651036,10882.3075132,2132.55658545,15889.300320340002,450.01687073,47.49731521,0,106.53098012999993,188.61972975999998,593.47125179,67.22551911,27.682312699999997,449.4637848100002,1480.4908935100002,0,0,36417.61556387001,,36417.61556387001
2013/02,5199.866175180001,9379.047405230003,619.55753459,9998.604939820003,2382.4950863799995,15010.899957640004,518.2094183,41.86045980000001,0,69.64927758,179.5242716,560.3824846499999,55.97581822,54.74524109,464.80220330999987,1426.9397562500003,0,0,34537.01533357001,,34537.01533357001
2013/01,6873.362905920001,11456.26780365,762.54179125,12218.8095949,3165.2289926500002,18643.353130599997,657.90332118,47.61521470999999,0,63.28741393999999,197.15277230999996,469.63830266000025,61.50399582,48.35553415999999,539.7467654000002,1427.2999990000003,0,0,42985.957944249996,,42985.957944249996
2012/12,3360.83957819,8285.8877726,528.29108995,8814.17886255,3726.02493713,17177.96094028,899.04005819,51.046079520000006,0,54.701309099999996,206.52144012,550.66326819,66.45956741,51.46399535,376.52354551999997,1357.37920521,109.0791,0,35444.50268676,,35444.50268676
2012/11,2699.76367593,8102.32254189,548.04614808,8650.36868997,3068.5837336,13204.3734328,605.40418769,39.94778079,0,50.15957005999999,170.31982413000003,415.85752238000003,53.50437005,55.581264000000004,355.90602952,1141.27636093,66.7654,0,29436.53551141,,29436.53551141
2012/10,3304.75872829,7980.47972729,430.47654977,8410.956277059999,2217.48762673,10605.42896157,704.79584731,48.96612888,0,76.84343064,121.72530662,512.74246149,61.317080839999996,60.64817458,400.21460221,1282.45718526,72.2377,0,26598.12235854,,26598.12235854
2012/09,3228.91916633,8581.69312181,464.96389232,9046.65701413,1195.14156222,9258.16686466,612.81172968,39.58977167,0,59.34043201,70.83937173,713.07465696,53.20402156,34.00914572,284.63426426999996,1254.6916639199999,57.2146,0,24653.60261834,,24653.60261834
2012/08,5661.39289783,11597.87553879,767.77573923,12365.65127802,3266.49243259,13798.93162529,931.03831124,45.80883702,0,72.82414205,95.74093816,874.33564287,56.33993431,63.13783814000001,336.73609568,1544.9234282300001,59.2576,0,37627.68750545,,37627.68750545
2012/07,5642.22649536,11410.21827097,817.75784605,12227.97611702,3722.87156645,16308.59709276,869.28917871,56.182441170000004,0,89.02482368999999,103.44496740000001,718.1948411799999,68.95437274,68.18325978,480.98285465000004,1584.96756061,64.5828,0,40420.51084391,,40420.51084391
2012/06,4744.72135687,9216.8017925,710.27830991,9927.08010241,3242.34090942,13625.4171186,644.47058783,50.48573268,0,92.52839143,67.80974123,484.09722683,66.99518279,57.12155707,436.83486598,1255.87269801,59.627,0,33499.52979667,,33499.52979667
2012/05,4751.00728304,9200.37329976,597.20399661,9797.57729637,3408.79042054,13635.86862493,606.27279112,52.952342660000006,0,101.30093876999999,80.34795147,640.01161507,69.48806637,70.67113209,420.72907706999996,1435.5011235000002,66.9536,0,33701.9711645,,33701.9711645
2012/04,5179.52223338,10051.5516311,710.43292257,10761.98455367,3188.40224532,15251.66836148,516.69686659,47.612181650000004,0,83.47062263,159.68141341,723.97794809,60.16960796,37.26782572,439.40904255000004,1551.5886420099998,72.9084,0,36522.7712744399,,36522.7712744399
2012/03,6203.55533587,12383.13490152,945.13432306,13328.269224579999,3344.63026645,19169.33198863,471.72493388,56.75671003,0,82.2313081,188.64464935,512.45969553,71.7556301,57.9736493,301.38868721,1271.21032962,100.784,0,43889.5060568,,43889.5060568
2012/02,5530.97766103,11949.49869065,883.79642404,12833.29511469,3204.92486736,17600.91607207,417.62728296,48.70162365,0,60.887961340000004,162.64863346,373.86024035,49.53120113,60.37220654,329.9828407,1085.98470717,102.4339,0,40776.15956686,,40776.15956686
2012/01,6428.72501199,13538.61238174,919.92589236,14458.5382741,3154.40393208,17075.22362545,494.74238296,49.94120416,0,43.22652004,158.34995517,327.80827339,42.820956020000004,57.59359249,436.39803576999896,1116.1385370399998,98.4365,0,42826.20819822,,42826.20819822
2011/12,4881.90298252,12166.94944813,710.50742687,12877.456875,2852.42062748,16368.51705705,385.32079414,47.201915740000004,0,41.2703397,171.61690915,335.30241089000003,33.24698273,53.08104255999999,423.74031701,1105.45991778,95.8565,0,38566.9347059,,38566.9347059
2011/11,4593.40584917,10612.69869476,629.85670434,11242.5553991,1361.4522593,11962.21187811,349.09006362,36.459113900000006,0,35.32018887,109.21442859999999,252.88752273999998,15.08784805,55.454930059999995,409.76152237,914.1855545899999,65.9275,0,30488.82852437,,30488.82852437
2011/10,4272.32239471,10558.58028225,583.97249681,11142.55277906,1015.36805809,9341.12567566,375.04980747,34.30871928,0,52.27809319,76.41285838,248.29403242,6.00905469,43.489980859999996,362.52730057,823.32003939,52.6203,0,27022.35904309,,27022.35904309
2011/09,4154.31643097,10052.55808207,540.12545001,10592.68353208,1790.45325822,10751.41065012,661.4440396,31.26286916,0,59.79582013,78.57356071999999,361.65698079000003,4.41677849,51.44484329,349.43188847,936.5827410500001,47.493,0,28934.38365177,,28934.38365177
2011/08,5134.60255386,11119.10619538,643.90646557,11763.01266095,1281.07548806,9968.41301209,693.95296298,26.53881332,0,40.99392392,57.25314623,959.4657877999999,9.95618636,45.39431402,383.68288266,1523.28505431,39.9433,0,30404.28512574,,30404.28512574
2011/07,5041.5150434,10998.04532758,647.7496357,11645.79496328,1373.32205714,10555.1763424,571.52460804,27.46120951,0,48.79170093,76.39381273,1176.51868541,0.40589039,47.28629616,380.94913335999996,1757.8067284899998,36.7404,0,30981.88010514,,30981.88010514
2011/06,4633.10609886,9809.84531287,711.11348079,10520.95879366,1813.94547225,10151.45593816,428.58568795,28.00242008,0,52.61029001,75.74980077000001,659.4812508699999,0.33041818,25.777861910000002,388.59830702,1230.55034884,39.5331,0,28818.1353882,,28818.1353882
2011/05,5076.57364613,9532.46006658,535.81439311,10068.274459690001,891.05313928,8834.695174,299.3367837,25.82125607,0,54.226083079999995,98.1664539,702.53845757,0.394585,44.586037909999995,376.47084811,1302.20372164,51.9718,0,26524.10867298,,26524.10867298
2011/04,4768.52629713,9012.61700322,626.42330678,9639.04031,1240.71836591,10280.09056637,201.86204792,22.410704529999997,0,59.7439839,106.9189698,315.89747588,0.26797394,45.42174079,330.17125918,880.83210802,23.1649,0,27034.23454412,,27034.23454412
2011/03,5103.53859442,10422.42892612,641.66406643,11064.092992549999,2364.66757652,12213.12873658,283.45980597,25.49550991,0,69.03455534,125.27584892,357.88198297,0.0006934800000000001,42.08962394,308.50474933000004,928.2829638899999,47.1214,0,32004.29208824,,32004.29208824
2011/02,4543.11101575,8949.08654871,649.94338037,9599.02992908,1661.34939412,10535.07450691,418.19133245,22.18564311,0,41.28203862,78.73669862,319.42023295,0.00059121,42.53930526,365.07787189000004,869.24238166,52.5913,0,27678.58989844,,27678.58989844
2011/01,5599.64012855,11480.98332322,743.13216519,12224.11548841,3961.89065679,15628.0716116,759.03835103,24.43413888,0,47.576321230000005,172.79529548,366.75787502,0.0007347199999999999,51.94657407,411.46957324000005,1074.98051264,78.5042,0,39326.24091403,,39326.24091403
2010/12,4215.50039432,9662.11959481,661.6812075,10323.80080231,2691.78835415,13127.33112504,549.31670064,23.96929297,0,37.298843409999996,149.83087036,329.69697653000003,0.00029102,49.947450980000006,316.37250037,907.11622564,71.659,0,31886.51256447,,31886.51256447
2010/11,3611.04410151,8568.39206642,632.01288366,9200.40495008,907.72296953,9083.24689025,271.94699625,23.319647,0,37.70765256,95.41095133,250.17818749999998,0.00062514,40.15314876,230.05088883,676.82110112,48.0878,0,23799.27476611,,23799.27476611
2010/10,3667.66005616,8861.83166001,715.77234838,9577.60400839,868.70919369,7734.69705875,393.39447483,24.355869560000002,0,45.099318190000005,61.62156659,363.57269758,0.0008962499999999999,44.24620352,199.37219762,738.26874931,56.3141,0,23036.64760457,,23036.64760457
2010/09,3206.56301882,9094.14212462,682.84955645,9776.991681070002,1375.23823687,7549.76194937,662.05908693,20.0313795,0,47.04220746,51.67798713,805.72011862,0.00099624,41.48587528,172.25161036,1138.21017459,54.5663,0,23763.39045981,,23763.39045981
2010/08,4414.41160279,10423.98525475,765.58564608,11189.57090083,2028.70780308,9504.50914131,788.05868735,17.33368307,0,50.48889678,55.3366994,532.9907171899999,0.00016298,44.73297255000001,154.87019088,855.75332285,37.5086,0,28818.52003173,,28818.52003173
2010/07,5872.19147886,10310.22895789,814.23023528,11124.45919317,1884.53363411,8796.95231691,622.5765185,15.84409678,0,49.234867480000005,71.10878779,326.29170252,0.00012179000000000001,26.902132350000002,125.2826883,614.66439701,53.1711,0,28968.54866548,,28968.54866548
2010/06,5107.91515385,8771.21338387,590.14701833,9361.3604022,1550.95785679,7876.29862429,419.71271325,13.99392781,0,57.892836280000004,24.050311750000002,438.69513976,0.00012116,39.65979673,120.62941631,694.9215498000001,42.6514,0,25053.81766339,,25053.81766339
2010/05,5259.06281808,8287.51200121,614.6060287,8902.11802991,1588.31897515,7155.70724126,258.6566147,15.110439040000001,0,59.10766128,77.74176985,505.32932338,0,44.53380918,138.13990893,839.9629116599999,56.3832,0,24060.20977543,,24060.20977543
2010/04,4796.92663751,7942.44984205,726.43247864,8668.88232069,1727.6679018,8891.14039983,256.0756629,15.411584809999999,0,53.659596060000005,88.93837372,448.09657780000003,0.00031751,42.452526559999995,124.46817187,773.02714833,96.107,0,25209.82703141,,25209.82703141
2010/03,4943.79832206,9635.33271243,711.86724379,10347.19995622,2293.99171927,10135.56688038,332.62236359,17.02336807,0,42.17753423,102.63205999,384.41801727,0.00012722000000000002,26.09811847,110.10176437,682.4509896200001,106.7067,0,28842.33689174,,28842.33689174
2010/02,4866.6662647,8913.45626865,688.6002037,9602.05647235,2021.33525709,8683.68834061,469.98627096,15.51659263,0,35.88502453,89.64755814,213.16659776,0.00004045,42.248598709999996,56.585721050000004,453.05013327,89.0536,0,26185.83632522,,26185.83632522
2010/01,6245.29420526,10998.70297195,812.758751,11811.46172295,2920.75325309,10455.25255076,596.89040882,17.26165449,0,37.90303946,141.4349237,241.87104952,0,47.545666229999995,39.47118896,525.48752236,62.975,0,32618.11461333,,32618.11461333
2009/12,5435.6025266,9852.78165805,783.74948565,10636.5311437,2239.65189473,9626.3336673,345.73508586,16.32859758,0,30.537517549999997,107.85829669,231.79685447999898,0.000012470000000000001,46.62807967,14.31994499,447.46930343,97.4726,0,28828.79624321,,28828.79624321
2009/11,4420.19369845,9366.69142581,652.61809159,10019.309517400001,1313.7539911,7350.81523166,172.35151936,13.00827309,0,28.593805000000003,89.62825953,165.63137004,0.00001719,40.65203775,6.6370064300000005,344.15076903,90.7381,0,23711.31288025,,23711.31288025
2009/10,3880.74441758,8171.90198418,427.61142332,8599.5134075,613.33174775,4713.29351309,222.94020184,6.3220417,0,34.33213387,50.25430625,140.38891992,9e-8,27.778274879999998,5.018361909999999,264.09403862,53.8683,0,18347.78557084,,18347.78557084
2009/09,3476.3113125,8563.36566742,464.37410604,9027.73977346,701.98639707,4854.21686908,308.8756634,6.3561828700000005,0,33.16095976,16.74829566,238.72229879999998,0,29.90813484,5.01178395,329.90765588,59.6955,0,18758.73325196,,18758.73325196
2009/08,4336.74290042,9119.63477187,558.46160077,9678.09637264,1127.32671353,5026.68245546,602.2493829,4.0025737900000005,0,29.55014803,25.18368432,460.64150169,0,25.960884500000002,4.35038907,549.6891814,68.5462,0,21389.33323558,,21389.33323558
2009/07,3466.612359,8719.77895781,448.30338127,9168.08233908,865.93949178,4318.75969559,536.76655432,3.2318661200000003,0,20.87995832,26.36759279,453.76293649,0,25.298711119999997,2.575475,532.11653984,43.9831,0,18932.2600672,,18932.2600672
2009/06,2902.9441738,7547.14479702,393.90334348,7941.0481405,621.40696261,4204.65273427,438.34011617,3.50309909,0,29.64403994,32.65279358,218.23627741,1.6e-7,14.0554518,2.8686825299999996,300.96034450999997,93.8653,0,16503.21769777,,16503.21769777
2009/05,3578.83735736,8554.27919839,644.8606776,9199.13987599,1379.07342077,3482.01316772,391.67888198,3.7448328099999997,0,40.818053660000004,48.008809140000004,218.48189526,3.8e-7,35.66663709,4.79845773,351.51868606999994,77.1057,0,18459.36707845,,18459.36707845
2009/04,3842.30375985,7872.26287445,691.30302909,8563.56590354,2187.86997206,5108.47985087,290.61990748,5.58501124,0,45.35251469,56.2537223,183.53377909,0,43.513882,5.2931373,339.53204661999996,50.0884,0,20382.45976586,,20382.45976586
2009/03,4275.42480123,9207.67765692,859.63875743,10067.31641435,2387.31791989,7143.43751081,241.0035859,7.070960189999999,0,43.30523636,83.86953758,204.20837432,0,43.83565442,4.50395011,386.79371298,62.2419,0,24563.53581849,,24563.53581849
2009/02,4713.761398,9795.85664,984.27129244,10780.12793244,2604.70571097,8137.11047385,259.19577688,8.13014727,0,34.81738945,87.53671746,231.93915697,0,56.17215625,5.7386924299999995,424.33425983,104.9236,0,27024.15920315,,27024.15920315
2009/01,5851.44207725,10941.38301227,1053.64463403,11995.027646300001,2906.15624749,10504.57695676,402.52543461,5.82214482,0,33.36971272,106.8762241,271.30759165,0,59.80263314,1.5701135,478.74841993,78.1957,0,32216.67247933,,32216.67247933
2008/12,5814.67977061,9288.26139683,1120.6182194,10408.879616229999,2025.69281893,10406.76033146,264.84109474,6.2318839100000005,0,32.89224249,126.63897241999999,242.78960916,0,56.31289386,4.08023202,468.94583386,260.7035,0,29650.50297622,,29650.50297622
2008/11,5068.71170373,8024.93645978,987.00032896,9011.93678874,1409.97001624,9793.58106786,312.99296085,5.41854078,0,35.221501790000005,75.27130681,252.28039067999998,0,60.00195925,4.80272733,432.99642664,59.8231,0,26090.01205104,,26090.01205104
2008/10,4708.36329901,7334.76379784,712.98560534,8047.74940318,1082.47462999,7797.18884406,507.25883831,4.264398310000001,0,42.58264736,40.20555333,284.88936618,0,55.95446949,5.65340962,433.54984428999995,46.7264,0,22623.31119825,,22623.31119825
2008/09,4050.01560625,6963.21536677,483.58285866,7446.7982254300005,1339.21637327,7401.38560173,754.46991526,1.33134844,0,28.65839866,17.1392705,389.20183097,0,46.80263231,2.36381693,485.49729781,87.7329,0,21565.11590731,,21565.11590731
2008/08,4305.73542727,7527.55486975,607.42662841,8134.98149816,1125.16784809,5983.58444492,903.98971994,0.26743398,0,26.92386579,18.06253365,686.6325595799999,0,35.65828706,2.66409408,770.2087741400001,83.4557,0,21307.12342064,,21307.12342064
2008/07,5025.80427576,8373.28911393,789.38300581,9162.67211974,2069.67323028,7895.61932437,652.14929788,0.32453471,0,23.41944485,31.09221496,424.41203858,0,36.24373413,2.60538652,518.0973537499999,96.7747,0,25420.79036664,,25420.79036664
2008/06,4307.13444331,6876.19614209,633.08689138,7509.283033469999,940.08964265,5634.24998209,446.87832284,0.33780970000000005,0,16.53612466,18.58036833,306.55005745,0,21.410345969999998,2.49935721,365.91406331999997,29.5348,0,19233.08427484,,19233.08427484
2008/05,4484.86991986,6338.05416794,596.48253881,6934.53670675,930.6429812,6233.24911828,289.94275869,0.36910024,0,16.16800874,34.16665961,326.30194845,0,41.14339406,2.27360669,420.42271779000004,53.4226,0,19347.08675547,,19347.08675547
2008/04,4282.59932624,5027.93862903,396.68088724,5424.61951627,1042.16523908,7201.93991113,184.1348865,0.35320883999999997,0,9.882303799999999,41.936620229999996,329.19029928000003,0,40.37275456,2.50777376,424.24296047,75.2638,0,18634.96567407,,18634.96567407
2008/03,4830.74633997,5216.41063091,421.57681677,5637.98744768,1283.57058898,7664.42840893,136.72072576,0.31686609,0,7.72938717,36.97789665,324.88406095,0,42.01301781,1.90180818,413.82303685,75.0367,0,20042.31321469,,20042.31321469
2008/02,4471.37145849,5200.58221588,282.68759312,5483.269809,1798.9812952,8052.37031939,238.68971448,0.1682058,0,5.411010119999999,49.921622930000005,194.65780893,0,36.3760739,1.56980612,288.10452779999997,41.6385,0,20374.42559378,,20374.42559378
2008/01,4940.55009817,5879.32315012,404.76219638,6284.0853465,2382.24880133,9496.12355488,187.97593286,0.16979765,0,3.17646336,44.00784418999999,277.51051882,0,33.80780387,1.8957017600000001,360.56812964999995,58.4535,0,23710.00528837,,23710.00528837
2007/12,4685.06123958,5517.73251747,351.89647944,5869.62899691,1897.51060394,8021.02317324,128.83254166,0.14108079,0,1.99391429,49.201886189999996,223.2881116,0,37.124694760000004,3.12173205,314.87141968,47.2545,0,20964.18249487,,20964.18249487
2007/11,4583.69748072,5104.93634564,297.75986439,5402.69621003,1454.72072912,6476.74534379,140.26038,0.13759179,0,2.3040189,32.2835768,246.81858862,0,32.93045309,1.6084446600000002,316.08267386,79.1031,0,18453.30598869,,18453.30598869
2007/10,4335.79813281,4826.16628598,351.0238551,5177.19014108,1326.81053753,5988.52733815,155.11361477,0.15392501,0,2.1615384399999997,18.03416996,322.62677893,0,32.50105359,2.0087438,377.48620973,70.361,0,17431.28695158,,17431.28695158
2007/09,4201.84215047,4613.1340859,275.26526208,4888.39934798,926.28347822,4326.7183298,335.36487402,0.09800230000000001,0,1.07028425,19.3548549,517.59234281,0,12.16411829,1.84334159,552.1229441400001,60.4143,0,15291.14540514,,15291.14540514
2007/08,4967.94129895,5484.56468432,391.43243437,5875.99711869,1374.29840741,5244.62798191,510.34487292,0.12330101,0,1.4590603,23.42627997,540.95597986,0,4.75578315,2.15066274,572.87106703,57.0701,0,18603.15084915,,18603.15084915
2007/07,4588.45785638,5453.21878569,317.40383695,5770.62262264,1110.12702375,5405.07074813,270.13399035,0.11890790000000001,0,1.21061968,11.51027245,311.1247286,0,4.85365937,2.20573237,331.02392037,59.8265,0,17535.26259461,,17535.26259461
2007/06,4067.74630117,4687.10491315,283.07598555,4970.1808987,1371.94920626,5443.5144315,169.91897485,0.14282327,0,1.28376178,13.630055500000001,284.77764015,0,24.94504514,2.1899245300000003,326.96925037,54.8247,0,16405.10383495,,16405.10383495
2007/05,4315.49802309,4455.67538972,277.72426051,4733.39965023,1658.96910058,4980.64872317,115.94352797,0.14341141999999998,0,1.4842016,25.87599901,265.8151588,0,24.339810550000003,2.20167287,319.86025425,50.3579,0,16174.67720067,,16174.67720067
2007/04,4475.11883901,4350.81651797,272.74747557,4623.5639935399995,1324.71449611,5350.28915179,78.76425461,0.13129695,0,1.28886371,26.77199177,201.84166553,0,22.779881919999998,2.11090608,254.92460596,72.7284,0,16180.10372799,,16180.10372799
2007/03,4604.25909169,4667.04184349,230.6604829,4897.70232639,2354.56094765,6238.38791842,131.68567355,0.12668867,0,0.95620087,32.010456479999995,171.26807520999998,0,25.245961349999998,1.3931548599999999,231.00053744000002,47.2913,0,18504.88774793,,18504.88774793
2007/02,4055.14925451,4225.3238272,205.93028992,4431.25411712,2038.2896424,5331.33843495,121.1285569,0.13062727000000002,0,0.7988019799999999,22.17518446,123.38911793999999,0,16.69050389,1.12366667,164.30790220999998,20.9153,0,16162.38317012,,16162.38317012
2007/01,4945.95222122,5388.21867131,341.13865125,5729.35732256,2748.33093872,6089.73548125,126.07824848,0.15954774,0,0.62000521,28.78719568,152.00572112,0,21.78268822,1.80553879,205.16069675999998,22.0831,0,19866.69801873,,19866.69801873
2006/12,4482.76473941,4499.448413809998,269.59643331,4769.044847119998,2821.13029065,6110.645680360004,142.53296497999997,0.08104519,0,0.49978075000000005,30.297646260000008,150.64335863999995,0,19.44615977,67.05674239999999,268.02473301,0,0,18594.14325553,,18594.14325553
2006/11,4253.276280620001,3957.94061185,211.37547262999996,4169.31608448,2408.89120615,5189.015262689999,124.00814567999998,0.12536388,0,0.5445996,31.198479120000002,151.85947846999997,0,19.58761798,73.17139433999999,276.48693339,0,0,16420.99391301,,16420.99391301
2006/10,4629.738783770001,3793.6953198599995,179.28073272999998,3972.9760525899997,914.0797563199998,3693.9478946599993,249.18983189,0.038903759999999996,0,0.62453964,13.77226775,126.62458011999999,0,13.060828349999998,18.875467330000003,172.99658695,0,0,13632.928906179997,,13632.928906179997
2006/09,4365.361246758599,3707.9399380323302,212.74378566382998,3920.68372369616,869.84698807588,4377.636182317349,260.42983289672003,0,0,0.30020669732,9.94256087874,219.85572153219016,0,7.747837113349999,55.21087856722,293.0572047888201,0,0,14087.01517853353,,14087.01517853353
2006/08,4783.38653420818,4040.5736904242203,298.04935078208,4338.6230412063005,1229.4523682883598,4866.16966718927,439.94821856945,0,0,0.29470394254999993,7.723785452369998,580.9810474752201,0,6.988244561170001,33.88007739403,629.8678588253401,0,0,16287.447688286898,,16287.447688286898
2006/07,4729.594390740251,3804.457419982672,264.59700933144,4069.054429314112,759.7960654882897,3753.98194069118,351.00257435633995,0,0,0.11580328514999998,7.135394257139999,533.1600595001399,0,6.308308478270001,36.829439049339996,583.5490045700399,0,0,14246.978405160215,,14246.978405160215
2006/06,4474.05301657347,3488.76654184383,233.98297395075002,3722.74951579458,925.6032105656599,3909.3814322356193,233.61822655653998,0,0,0.14970854808000003,6.84358333516,325.98538663568996,0,6.9766115325800016,35.16709800601,375.1223880575199,0,0,13640.52778978339,,13640.52778978339
2006/05,4701.946819171831,4179.7154332684695,220.12624543165998,4399.84167870013,879.13645147257,4618.76632137176,149.51129319352,0,0,0.12298249342,9.29306490945,225.57976216679995,0,8.40155529537,39.43697342275,282.83433828779,0,0,15032.036902197598,,15032.036902197598
2006/04,4296.66209479367,4044.5225544965597,252.12546046574,4296.648014962299,1302.6800338750797,5507.0915359810115,112.82019389255998,0,0,0.12365230951999999,15.361087090699998,101.11033255437997,0,8.41750667825,16.097372245080003,141.10995087792998,0,0,15657.011824382551,,15657.011824382551
2006/03,4221.43051388141,4476.450337504982,251.27933694618002,4727.729674451161,1789.7824772599001,6734.560269906509,100.22628265920001,0,0,0.14515133239,17.263176048160002,75.23235800608,0,8.37505431572,18.590673362580002,119.60641306493,0,0,17693.33563122311,,17693.33563122311
2006/02,4364.7075942334395,4591.926604585052,181.64587050583998,4773.572475090892,1577.5581616917905,5317.238985022878,97.13396252851003,0,0,0.09599922873000001,12.811210391449999,59.95298765991001,0,7.770983228679999,12.18232507895,92.81350558772002,0,0,16223.024684155227,,16223.024684155227
2006/01,4886.83965505991,5103.823016330059,255.26025170832,5359.083268038378,2475.3537980445,4679.82052241892,120.65253323002999,0,0,0.0754662609,11.303769970640001,56.20250197986001,0,8.202248560909998,12.118988404900001,87.90297517721001,0,0,17609.652751968948,,17609.652751968948
2005/12,4764.98515173894,5043.86071434627,233.36504018468003,5277.225754530949,2009.1526039356797,5996.498347904324,96.56408562877,0,0,0.03214784388,18.00817229479,145.56535420799,0,6.9448013918200004,13.605898633389998,184.15637437186996,0,0,18328.58231811053,,18328.58231811053
2005/11,4435.143917436591,4630.533805375611,214.93883993738004,4845.4726453129915,1205.6706934727304,4607.68398121856,95.73999255602001,0,0,0.02951812306,6.8118530339699985,136.82538943622998,0,7.585837372830001,13.64440142901,164.89699939509995,0,0,15354.608229391994,,15354.608229391994
2005/10,4734.263325562049,4545.915403895499,221.40078784318,4767.31619173868,684.5081892783201,3236.2936092754694,144.19682691670002,0,0,0.02780716551,4.50764367642,173.00259143870997,0,7.147754240069999,32.16874064345,216.85453716415995,0,0,13783.432679935377,,13783.432679935377
2005/09,4224.73986324056,4461.218866116381,240.12948144485,4701.348347561231,968.6991527080602,3394.08398364239,138.83472941528,0,0,0.02609664818,4.15677508075,193.97705449286997,0,6.14512119529,48.885423161940004,253.19047057903,0,0,13680.896547146553,,13680.896547146553
2005/08,4901.929181472021,4788.03170374416,281.89865287959,5069.93035662375,609.42190632291,3172.31206897057,236.55683198798,0,0,0.02384253922,4.22304747636,206.09245506712,0,5.47415160378,31.421947213670006,247.23544390015,0,0,14237.385789277381,,14237.385789277381
2005/07,4405.82804646614,4875.357140449261,253.84769104659,5129.204831495851,965.2548005542001,3421.04874905448,172.31393393747004,0,0,0.02044303239,2.05716519547,162.18849846834001,0,5.292798342549999,27.50817552415,197.0670805629,0,0,14290.717442071042,,14290.717442071042
2005/06,4400.28030176722,4477.1058205584695,258.37783990088,4735.483660459349,809.1718378780199,2823.79636255752,158.1001087188,0,0,0.02288385371,2.25058063245,113.37778163088998,0,5.5427290321700005,22.399884179609998,143.59385932882998,0,0,13070.42613070974,,13070.42613070974
2005/05,4986.546253026079,4349.304729228311,261.2746141234,4610.579343351711,960.00788847232,2012.39184602411,184.51962867686998,0,0,0.024599338370000005,2.94224698996,93.07442532657998,0,5.60289294512,14.61886504206,116.26302964208999,0,0,12870.30798919318,,12870.30798919318
2005/04,4754.24779396983,4022.89096908017,252.16086649206997,4275.05183557224,1213.1745808716198,2127.351857506361,124.18042767686,0,0,0.02480756049,4.99143016366,80.73380604739,0,6.373181455059999,8.079247033160001,100.20247225976001,0,0,12594.20896785667,,12594.20896785667
2005/03,4768.13733282872,3962.29554191854,232.40714764247002,4194.70268956101,2037.9673864920394,3767.68809294206,71.46170584958,0,0,0.029670538410000002,7.35800284862,63.89616121660002,0,7.80680089496,11.056685940860001,90.14732143945002,0,0,14930.104529112861,,14930.104529112861
2005/02,4189.633750565509,4137.79219159625,168.48270265211002,4306.2748942483595,1793.22617973661,3020.463025719401,103.19397716299001,0,0,0.00276318455,5.61342153218,59.34599894960999,0,6.49169236655,8.8311359673,80.28501200019,0,0,13493.076839433059,,13493.076839433059
2005/01,4321.586996909669,4694.023733657179,193.62846710272999,4887.652200759909,2111.86992896552,4456.9336950447005,101.88431781144,0,0,0.0025870073900000003,3.1929668376299998,87.47336671925001,0,7.005739511140002,14.18924256393,111.86390263934001,0,0,15991.791042130579,,15991.791042130579
2004/12,4654.24765484662,4860.825398210791,195.55624752239,5056.38164573318,1473.0955458063504,3598.8798713453602,135.51556509963,0,0,0.00208934288,1.7173670646299999,113.52733167538003,0,6.6010471604899985,34.46500327584999,156.31283851923,0,0,15074.433121350372,,15074.433121350372
2004/11,4205.92165715479,4369.547670538799,155.85379656226,4525.401467101059,1568.8395269186099,3036.3371944199484,115.80206444931002,0,0,0.00208060209,1.02659304895,123.73733881899,0,6.233097525139999,21.39335201073,152.3924620059,0,0,13604.694372049618,,13604.694372049618
2004/10,4053.2442048539497,4467.31530328704,172.521324227,4639.83662751404,1152.80702043118,2893.4292100159196,125.05917515763002,0,0,0.0027277383500000003,1.04857696613,118.65535844845998,0,6.89442947709,14.54410544936,141.14519807938998,0,0,13005.52143605211,,13005.52143605211
2004/09,4309.63961031398,4013.31708602204,242.23704260879,4255.55412863083,977.31026776231,2422.9648385381806,223.68217711667,0,0,0.0006653690099999999,0.7739496128400001,156.74656165803998,0,5.293944628900001,31.160654983669996,193.97577625245998,0,0,12383.12679861443,,12383.12679861443
2004/08,4848.51176548683,4358.52911844361,275.83264724768,4634.36176569129,969.67386557649,2445.0715596114796,268.19632155764,0,0,0,0.39581809031,215.32510972279997,0,4.782306715420001,30.694282197359993,251.19751672588998,0,0,13417.012794649618,,13417.012794649618
2004/07,4385.050421987181,4169.10939551203,239.55845838342,4408.667853895449,938.9274775058094,2961.6052493397206,244.34256614515,0,0,0,0.8214467783999999,227.6075008815899,0,5.92493132861,34.934595205019995,269.2884741936199,0,0,13207.88204306693,,13207.88204306693
2004/06,4045.68107906422,3726.839665430279,262.9356441318,3989.775309562079,1057.9182072811598,2793.5226482634407,155.3604348593,0,0,0,0.40589689897,106.84704726848994,0,6.300766395109999,6.914785246850001,120.46849580941996,0,0,12162.72617483962,,12162.72617483962
2004/05,3960.614626209481,3738.8730629314414,271.33180593751,4010.2048688689515,1041.1653486864097,2904.10546662613,87.99817572626,0,0,0,0.8801986546399999,103.58641796883995,0,6.64931070069,15.37894112961,126.49486845377996,0,0,12130.58335457101,,12130.58335457101
2004/04,3673.13089344563,3651.419791825779,234.53230913328,3885.952100959059,1107.9408171195603,3139.1209492307007,70.50100956551,0,0,0,1.1554057054,67.73143514136,0,6.737121489260001,27.832578323809997,103.45654065982998,0,0,11980.102310980292,,11980.102310980292
2004/03,3877.8230906850404,3957.7154975994304,211.47958978567,4169.1950873851,1445.5468861692602,3726.7491871840593,68.0944778245,0,0,0,1.64914700536,73.77035920314002,0,7.43097062326,38.67606339578,121.52654022754002,0,0,13408.9352694755,,13408.9352694755
2004/02,3552.1747727946904,3821.68198826206,219.07069978596002,4040.75268804802,1351.4554861245397,3767.6015201345303,59.45577747027001,0,0,0,0.80852772332,81.34689575228997,0,6.557443589259999,41.75747393712,130.47034100198996,0,0,12901.91058557404,,12901.91058557404
2004/01,3889.7178340422306,4107.335063463901,256.36502257571,4363.700086039611,1347.2865882335502,3310.4902666560797,98.42687163446,0,0,0,0.48416542164000004,88.39071227370005,0,6.13575157923,40.083203588669996,135.09383286324,0,0,13144.71547946917,,13144.71547946917
2003/12,4407.86866091142,4252.439650552751,272.21139172298,4524.651042275731,1630.4903595660205,2904.1898565834913,94.85931946133,0,0,0,0.73004449196,113.17258362544999,0,5.10274510978,37.41489408697,156.42026731416,0,0,13718.479506112151,,13718.479506112151
2003/11,4283.634280207141,3907.6092397781304,280.81348295157,4188.422722729701,1433.2827784328,2081.1351124301805,112.43922446303,0,0,0,0.29134973608,95.26359162892003,0,4.770607850779999,14.660389756719999,114.98593897250001,0,0,12213.900057235353,,12213.900057235353
2003/10,4469.65667734002,3881.1999046347705,247.07343968043998,4128.27334431521,1507.1152234664905,1741.2495763451495,199.38174167846003,0,0,0,0.24174424912000003,110.55175668796,0,4.62391936327,8.18583740631,123.60325770665999,0,0,12169.27982085199,,12169.27982085199
2003/09,3911.2578996111392,3657.4762442990095,246.90761313141996,3904.3838574304295,1161.97153547821,1810.0905389892903,214.45291158305,0,0,0,0.08865270747000001,193.52153058705,0,3.3380173859999998,29.634648964169997,226.58284964469,0,0,11228.739592736809,,11228.739592736809
2003/08,4327.520020608979,3978.518548891389,270.63430292759,4249.152851818979,639.1224328226899,1954.4797199772102,215.85814467470001,0,0,0,0.07937707823000001,143.37106364799996,0,3.5381522069700004,38.27879131488,185.26738424808,0,0,11571.40055415064,,11571.40055415064
2003/07,4449.82730749531,3983.6445611809095,250.63028701687,4234.27484819778,708.5570782946203,1850.8922048080497,223.08388541901996,0,0,0,0.053715561970000006,104.19794233447001,0,3.84133737119,33.3037796911,141.39677495873002,0,0,11608.03209917351,,11608.03209917351
2003/06,3596.92909783021,3973.6707245750385,274.94270371157,4248.613428286609,895.2061860830796,2236.40080120293,195.54564876286,0,0,0,0.052836146169999994,147.10531972479,0,4.408698794420001,26.34047698407,177.90733164945,0,0,11350.602493815139,,11350.602493815139
2003/05,3497.38585418756,3718.6567673288805,295.00527106666004,4013.6620383955405,1224.9742856032601,2597.58044943478,121.73686580593,0,0,0,0.06858746064,161.85560796486004,0,4.76289459834,24.65944989928,191.34653992312005,0,0,11646.686033350192,,11646.686033350192
2003/04,3831.9406577549194,3555.89113738556,298.61196070148,3854.5030980870397,1031.5506407608202,2574.04275673222,107.33681743498,0,0,0,0.11418413145,106.69276209467998,0,3.4982350205799997,15.724865787250002,126.03004703395999,0,0,11525.40401780394,,11525.40401780394
2003/03,4486.483611143361,3702.03915895238,291.23791739499995,3993.27707634738,1368.5284363869202,2718.6149144076494,117.38054188058999,0,0,0,0.15608662651,80.93455727381999,0,2.5421150300999997,13.61892773392,97.25168666434998,0,0,12781.536266830248,,12781.536266830248
2003/02,3639.46041125077,3722.5040315281694,194.22965510658,3916.7336866347496,1479.28994694609,2894.9622198397806,122.89230513794999,0,0,0,0.11981916261999999,70.50731231606,0,1.98869734539,8.733082230010002,81.34891105407999,0,0,12134.68748086342,,12134.68748086342
2003/01,4550.05540403089,4212.794504339671,300.05520145176,4512.849705791431,1436.82585553809,2956.167805939029,135.70028429635,0,0,0,0.16764049822000002,73.03973532251,0,1.6821680176199998,7.52789668492,82.41744052327,0,0,13674.01649611906,,13674.01649611906
2002/12,4195.65174122854,4314.87681009179,281.32057280274,4596.197382894529,1133.7226994645698,2851.5795989310404,159.59568609721998,0,0,0,0,30.62173671251999,0,0,0,30.62173671251999,0,0,12967.368845328421,,12967.368845328421
2002/11,3547.9280314721896,4062.76127781446,247.25464077294,4310.0159185874,1121.7778125792297,2656.9797639793705,105.25208629683,0,0,0,0,30.81697011028,0,0,0,30.81697011028,0,0,11772.7705830253,,11772.7705830253
2002/10,3827.701378123979,3831.764505380899,261.48869932569,4093.2532047065893,626.42503971959,2199.65655957358,105.32983258569999,0,0,0,0,36.30302136243,0,0,0,36.30302136243,0,0,10888.669036071868,,10888.669036071868
2002/09,3440.0994614707697,3778.8894422846906,190.214531994,3969.1039742786907,706.0326263943499,1865.7936917432605,176.16958261098,0,0,0,0,77.89100075414,0,0,0,77.89100075414,0,0,10235.090337252192,,10235.090337252192
2002/08,4127.18615259792,3931.45355417242,306.75990565907995,4238.2134598315,512.89274778755,1810.52979953483,190.4657279918,0,0,0,0,81.69447940863999,0,0,0,81.69447940863999,0,0,10960.982367152239,,10960.982367152239
2002/07,3993.8402683704808,4095.6882671258086,309.88527718496005,4405.573544310769,675.4636588564102,2041.48582077565,224.99790727155,0,0,0,0,67.30347163536,0,0,0,67.30347163536,0,0,11408.664671220218,,11408.664671220218
2002/06,3853.602101230599,3798.3682248513696,237.91676499530996,4036.2849898466798,625.36867060318,1657.9369265146595,169.54547268277003,0,0,0,0,83.76104520980999,0,0,0,83.76104520980999,0,0,10426.4992060877,,10426.4992060877
2002/05,3893.2433617598494,3572.7930335592287,234.17163528478,3806.964668844009,1198.8789092264599,1456.4824665350798,151.67159183245,0,0,0,0,63.76857080619001,0,0,0,63.76857080619001,0,0,10571.009569004038,,10571.009569004038
2002/04,3353.0203911701497,3751.8456993575,211.75773587951997,3963.60343523702,1359.5565177497203,1451.90448195412,106.71227242764,0,0,0,0,35.8037455114,0,0,0,35.8037455114,0,0,10270.60084405005,,10270.60084405005
2002/03,3849.10094847412,3657.797317620271,174.10580442373,3831.903122044001,1308.1153162674302,1816.8062496385608,144.0643449193,0,0,0,0,20.27760103607,0,0,0,20.27760103607,0,0,10970.267582379482,,10970.267582379482
2002/02,3531.4633827753805,3281.00811068787,201.63238422434998,3482.64049491222,1126.9456756902202,1701.0018787770398,110.15809954219999,0,0,0,0,37.87844796905,0,0,0,37.87844796905,0,0,9990.087979666108,,9990.087979666108
2002/01,3743.8918022660596,3887.7382305926008,312.73655275535003,4200.4747833479505,1555.3051205579802,2223.49337921263,84.79664446121,0,0,0,0,64.17330705424,0,0,0,64.17330705424,0,0,11872.13503690007,,11872.13503690007
