거래일,체결 수량,평균가,체결총액,시작가,종가,기준가,최고가,최저가
2017-03-28,2568,119012,305624400,119900,120000,137600,120000,117500
2017-03-30,11513,119546,1376333900,120000,120100,120000,121300,115000
2017-04-04,13402,122534,1642201400,115500,123800,120100,125300,115500
2017-04-06,12453,124246,1547236500,120000,124000,123800,125000,120000
2017-04-11,12282,124887,1533865900,123500,124900,124000,126200,122500
2017-04-13,14021,123481,1731330000,123000,120800,124900,125100,119100
2017-04-18,18508,124163,2298015500,120000,125000,120800,125100,120000
2017-04-20,22259,127650,2841371400,122100,127600,125000,130000,122100
2017-04-25,16454,128094,2107662400,117000,130000,127600,130000,117000
2017-04-27,8149,126007,1026833900,124000,121000,130000,130000,120000
2017-05-02,14311,128632,1840856500,120000,125500,121000,130500,118000
2017-05-04,13373,129865,1736687900,120000,130000,125500,131000,120000
2017-05-11,37727,129884,4900169100,120000,130000,130000,130500,120000
2017-05-16,43359,132470,5743809500,130000,132300,130000,133500,130000
2017-05-18,9385,132367,1242266400,130000,129500,132300,134000,129500
2017-05-23,43479,132328,5753513200,129000,129200,129500,133000,128000
2017-05-25,42529,132097,5617983900,130000,132000,129200,133000,128100
2017-05-30,11541,130447,1505491300,129100,128000,132000,132000,128000
2017-06-01,15372,129945,1997520100,120000,130000,128000,131000,120000
2017-06-08,137838,132354,18243435000,120000,133500,130000,133500,120000
2017-06-13,2345,126744,297217000,129000,125500,133500,129000,125500
2017-06-15,16466,128964,2123536900,127000,119000,125500,130000,119000
2017-06-20,73130,129340,9458702400,125000,129000,119000,129500,123000
2017-06-22,3350,124175,415987000,125000,125000,129000,125000,120000
2017-06-27,5327,124708,664322200,126100,124500,125000,126100,110000
2017-06-29,47983,128130,6148101700,123000,129000,124500,130000,122500
2017-07-04,7697,124933,961615900,124000,124700,129000,125000,124000
2017-07-06,12117,124847,1512780500,124900,124500,124700,126000,124500
2017-07-11,19423,128064,2487405400,126000,125800,124500,130000,124800
2017-07-13,42488,129216,5490136400,124900,125000,125800,130000,124900
2017-07-18,8800,125544,1104787700,125000,125900,125000,126000,125000
2017-07-20,41431,129057,5346986500,125100,127300,125900,130000,125100
2017-07-25,12730,125345,1595649700,125100,125200,127300,126000,125000
2017-07-27,24008,126251,3031053000,125000,125600,125200,128000,125000
2017-08-01,25315,127333,3223459000,123000,126600,125600,128000,123000
2017-08-03,30935,127425,3941915700,124600,126200,126600,128200,124600
2017-08-08,21578,127010,2740627600,125700,125300,126200,128000,125300
2017-08-10,26867,127779,3433042300,123500,126000,125300,129000,123500
2017-08-17,31909,126780,4045426400,125000,125000,126000,128000,125000
2017-08-22,36000,127498,4589952400,125400,126100,125000,129000,125400
2017-08-24,16598,126893,2106176200,126000,127400,126100,127400,125900
2017-08-29,17279,126387,2183850300,125000,125600,127400,127100,125000
2017-08-31,30543,127018,3879535400,120000,122500,125600,128000,120000
2017-09-05,59748,127582,7622799500,123800,127100,122500,128000,123800
2017-09-07,35870,127195,4562495800,125000,126500,127100,128000,124600
2017-09-12,12390,126135,1562818400,125100,126000,126500,127000,125100
2017-09-14,49360,127443,6290616600,125200,126900,126000,127900,125200
2017-09-19,43754,127675,5586315600,126000,127700,126900,128000,126000
2017-09-21,56006,127648,7149065800,125100,128000,127700,128000,125100
2017-09-26,33603,127603,4287846900,127000,126900,128000,128000,125100
2017-09-28,64274,127359,8185914600,126000,128000,126900,128000,125000
2017-10-10,8222,126189,1037530500,120000,126500,128000,127000,120000
2017-10-12,106460,127470,13570499500,124500,127000,126500,128000,124500
2017-10-17,42979,127447,5477557200,123000,126000,127000,128000,123000
2017-10-19,51909,127676,6627558200,125500,128000,126000,128000,125500
2017-10-24,56851,127926,7272766800,121000,128000,128000,128000,121000
2017-10-26,128942,128158,16525076800,127900,128000,128000,128600,125000
2017-10-31,103146,128239,13227381700,126000,128000,128000,129000,126000
2017-11-02,19255,127810,2460985500,126500,127300,128000,128000,126500
2017-11-07,43894,128112,5623385300,127800,127100,127300,128600,126000
2017-11-09,13505,127596,1723190200,127000,127000,127100,128000,126000
2017-11-14,6687,125584,839782600,126000,125000,127000,127000,125000
2017-11-16,46328,126411,5856370600,125100,125900,125000,127000,125100
2017-11-21,29474,125619,3702502300,126000,124000,125900,126000,124000
2017-11-23,6508,122982,800370300,123500,116500,124000,124000,115000
2017-11-28,5821,102544,596914000,114000,99000,116500,114000,99000
2017-11-30,13051,100637,1313416400,100000,100100,99000,101000,96000
2017-12-05,26537,100202,2659072000,95100,100000,100100,102000,95100
2017-12-07,18851,102760,1937145300,101500,100100,100000,105000,100000
2017-12-12,19125,100957,1930817900,100000,100300,100100,104000,100000
2017-12-14,33043,104461,3451724200,100000,105100,100300,105100,100000
2017-12-19,12510,106032,1326463200,105100,105500,105100,108000,105100
2017-12-21,12327,104582,1289189900,100200,106500,105500,106500,100200
2017-12-26,17822,106940,1905896300,105000,105000,106500,110000,104000
2017-12-28,23536,105043,2472309900,100000,105000,105000,106000,100000
2018-01-02,3430,101404,347818600,100500,101600,105000,101600,100500
2018-01-04,23212,104980,2436818500,101100,106000,101600,106000,101100
2018-01-09,23320,105627,2463243200,102100,105200,106000,107000,102100
2018-01-11,45359,110685,5020588400,101100,110000,105200,115000,101100
2018-01-16,29276,113458,3321599700,101100,115000,110000,115000,101100
2018-01-18,8717,109180,951722300,105600,107500,115000,110500,105600
2018-01-23,62279,116960,7284201700,110000,110200,107500,119000,110000
2018-01-25,36765,115079,4230905600,114500,112000,110200,117000,110000
2018-01-30,36025,113741,4097527500,100000,113000,112000,116000,100000
2018-02-01,38789,113615,4407028900,105500,111400,113000,115000,105100
2018-02-06,34669,112014,3883429800,105000,111200,111400,113000,105000
2018-02-08,50762,111442,5657051600,105000,110600,111200,112000,104000
2018-02-13,48269,109697,5294970100,105100,108000,110600,110000,105000
2018-02-20,55989,109282,6118603700,105000,108000,108000,110000,105000
2018-02-22,62790,109123,6851852800,106000,109500,108000,109500,106000
2018-02-27,59104,108689,6423992700,105000,105800,109500,109100,105000
2018-03-06,23968,101933,2443151900,103000,100900,105800,103000,99000
2018-03-08,25353,99951,2534058700,100000,100000,100900,100200,99500
2018-03-13,41045,99972,4103356100,100000,100000,100000,100000,99800
2018-03-15,29943,99868,2990356500,100000,99900,100000,100000,99600
2018-03-20,58806,99962,5878373900,99800,99900,99900,100000,99600
2018-03-22,101695,100509,10221266500,99000,101500,99900,101600,99000
2018-03-27,43658,102176,4460839300,100000,102700,101500,103000,99500
2018-03-29,75878,104183,7905260900,100000,105500,102700,105500,100000
2018-04-03,46994,104842,4926955600,100000,106000,105500,106100,100000
2018-04-05,69074,105856,7311933400,104000,106300,106000,107500,100000
2018-04-10,43481,107907,4691936600,103000,107800,106300,109100,103000
2018-04-12,101877,109521,11157725200,102200,109000,107800,110000,102200
2018-04-17,57541,109820,6319183600,102400,109200,109000,110000,102400
2018-04-19,75269,109935,8274765900,109000,109800,109200,110000,105700
2018-04-24,76949,109913,8457698200,107000,109400,109800,110000,107000
2018-04-26,89094,109921,9793381900,106000,109900,109400,110000,106000
2018-05-03,84002,108861,9144561900,105000,109000,109900,110000,105000
2018-05-08,95588,109653,10481599900,105000,109900,109000,110000,105000
2018-05-10,132393,110041,14568730500,109000,110100,109900,110200,106300
2018-05-15,131089,110682,14509201300,109800,110000,110100,111000,108000
2018-05-17,38706,110177,4264531800,109500,110500,110000,110500,109200
2018-05-24,80731,110301,8904745000,105200,110300,110500,110500,105200
2018-05-29,76158,109905,8370204200,106000,109800,110300,110000,106000
2018-05-31,62683,109188,6844242000,107000,107800,109800,110000,107000
2018-06-05,12917,104777,1353406700,105000,105000,107800,106000,103000
2018-06-07,69532,107753,7492321000,106000,108800,105000,109000,104500
2018-06-12,111979,108818,12185384400,106500,108400,108800,109000,106000
2018-06-14,47208,108413,5118005000,107900,108900,108400,108900,106800
2018-06-19,168322,108783,18310607800,106100,108500,108900,109000,106100
2018-06-21,53191,108719,5782903200,108000,108800,108500,108900,106500
2018-06-26,70760,108332,7665639500,107900,108500,108800,108600,106500
2018-06-28,14628,103002,1506725100,108000,101000,108500,108000,100000
2018-07-03,15036,105265,1582771200,108000,101900,101000,108000,101600
2018-07-05,58489,105044,6143973000,101300,105000,101900,107000,101300
2018-07-10,80942,105334,8526015700,105000,106000,105000,106000,100700
2018-07-12,85954,106128,9122158700,101000,105300,106000,107000,101000
2018-07-17,33674,105393,3549021400,100200,106000,105300,106000,100200
2018-07-19,77940,105891,8253156300,105000,104500,106000,106300,100000
2018-07-24,49384,104774,5174186200,102500,104600,104500,105100,100900
2018-07-26,20166,102870,2074493900,100000,102000,104600,104900,96000
2018-07-31,42721,100485,4292844600,100500,100000,102000,102000,91200
2018-08-02,19662,97998,1926852300,96000,98000,100000,99900,96000
2018-08-07,41905,98860,4142765900,97000,99200,98000,100400,95300
2018-08-09,12638,98096,1239742500,95000,98600,99200,99000,94900
2018-08-14,23029,98924,2278126500,98000,98900,98600,99100,98000
2018-08-16,11861,98335,1166353600,98500,98500,98900,98500,96000
2018-08-21,58744,97938,5753294600,96000,97000,98500,98500,96000
2018-08-23,64643,97930,6330505000,96000,97500,97000,98000,96000
2018-08-28,126711,97490,12353080500,96000,95100,97500,97900,95000
2018-08-30,54509,95461,5203495800,96000,95000,95100,96000,94800
2018-09-04,29023,95043,2758434800,95000,95000,95000,95200,94700
2018-09-06,27944,94776,2648438300,95000,94500,95000,95000,94300
2018-09-11,52786,93491,4935036000,94000,93000,94500,94100,90000
2018-09-13,23530,91588,2155077800,93000,92500,93000,93000,89800
2018-09-18,24126,89372,2156211100,90000,88000,92500,90000,88000
2018-09-20,38585,87151,3362744700,87000,88000,88000,88000,86900
2018-09-27,12260,86081,1055363000,87000,83500,88000,87000,83500
2018-10-02,136618,83281,11377684300,83500,83500,83500,85000,80000
2018-10-04,45943,82489,3789814900,80000,83500,83500,83500,80000
2018-10-11,171597,82715,14193779200,82000,82900,83500,83000,81000
2018-10-16,27967,82155,2297648900,82900,81900,82900,82900,81900
2018-10-18,37218,80147,2982911600,81000,80000,81900,81000,80000
2018-10-23,22147,79617,1763289100,81000,78600,80000,81000,78600
2018-10-25,21251,77276,1642194600,78000,77000,78600,78100,76500
2018-10-30,19342,69623,1346665800,75100,68000,77000,75100,66000
2018-11-01,43936,65152,2862552400,66000,61000,68000,69000,60000
2018-11-06,84851,64913,5507949700,63000,68000,61000,72000,61000
2018-11-08,104280,73160,7629182600,65000,75000,68000,75000,65000
2018-11-13,114565,80165,9184125100,72000,81500,75000,82000,72000
2018-11-15,113603,81861,9299759600,72500,82000,81500,82100,72500
2018-11-20,113464,81170,9209908600,80000,80600,82000,81800,80000
2018-11-22,173373,80734,13997228400,79000,79700,80600,81200,79000
2018-11-27,54935,78696,4323174600,70000,77000,79700,79500,70000
2018-11-29,66301,76600,5078662700,75000,76000,77000,77000,75000
2018-12-04,116366,76901,8948746400,76000,77000,76000,77200,75000
2018-12-06,78578,77929,6123517200,75000,79500,77000,79900,75000
2018-12-11,83018,79368,6589048700,75500,78500,79500,80000,75500
2018-12-13,279227,79950,22324223000,77000,79900,78500,80000,77000
2018-12-18,221934,79983,17751118400,78600,80000,79900,80100,78600
2018-12-20,45416,78765,3577227300,77500,79000,80000,79000,76100
2018-12-27,197065,79027,15573582400,75000,80000,79000,80000,75000
2019-01-03,7382,75018,553785900,76100,72000,80000,78000,72000
2019-01-08,4504,65624,295573000,72000,64000,72000,72000,59000
2019-01-10,27541,69535,1915082700,65000,70000,64000,70000,65000
2019-01-15,32844,71050,2333597700,69900,71300,70000,72000,67300
2019-01-17,51947,76637,3981071200,72200,76000,71300,78000,72200
2019-01-22,49338,76305,3764764900,71000,76300,76000,77000,71000
2019-01-24,47143,76476,3605310700,75000,76300,76300,77000,67100
2019-01-29,72090,76983,5549771600,75000,76800,76300,77100,75000
2019-01-31,33941,75940,2577494500,74000,75900,76800,76000,74000
2019-02-07,37510,75903,2847139100,75000,75900,75900,76000,75000
2019-02-12,123781,76815,9508253800,76000,77000,75900,77000,76000
2019-02-14,91019,76929,7002088500,75000,76900,77000,77200,75000
2019-02-19,82896,77188,6398604400,76100,77100,76900,77300,76100
2019-02-21,52293,76726,4012236600,75000,76800,77100,77000,75000
2019-02-26,72375,75634,5474035100,75000,76000,76800,76300,75000
2019-02-28,44106,74737,3296380900,70600,75100,76000,75500,70600
2019-03-05,49483,74983,3710417600,73000,75000,75100,75500,73000
2019-03-07,57501,74784,4300196100,75000,74500,75000,75000,74000
2019-03-12,116921,74717,8736078400,74000,74500,74500,75000,73100
2019-03-14,159083,75188,11961176100,74500,75500,74500,75500,74500
2019-03-19,26719,74578,1992658700,75000,74700,75500,75000,74100
2019-03-21,95006,74662,7093351300,74400,74500,74700,74900,74000
2019-03-26,23957,73290,1755830100,74500,73100,74500,74500,70000
2019-03-28,14521,69162,1004313600,73500,70000,73100,73500,68000
2019-04-02,20188,67358,1359833300,68000,67800,70000,68000,65000
2019-04-04,12560,64419,809106200,62600,65100,67800,66000,62500
2019-04-09,25356,65881,1670498500,65000,67500,65100,69000,64000
2019-04-11,29396,67440,1982490500,62000,68600,67500,68900,62000
2019-04-16,62167,69592,4326377200,67000,69800,68600,70000,67000
2019-04-18,52827,69828,3688825500,66600,69900,69800,70000,66600
2019-04-23,56927,69955,3982330100,70000,70000,69900,70000,69000
2019-04-25,67286,70032,4712187700,67400,70500,70000,70500,67400
2019-04-30,95125,70137,6671864600,69900,70000,70500,70500,69800
2019-05-02,33952,69930,2374278100,67000,69900,70000,70000,67000
2019-05-07,40072,69933,2802382800,69900,69900,69900,70000,68400
2019-05-09,106842,69969,7475666400,69800,70000,69900,70000,69800
2019-05-14,45259,69868,3162168700,69500,69700,70000,70000,69500
2019-05-16,125681,70062,8805526200,69700,70500,69700,70500,69700
2019-05-21,79668,69989,5575961100,67500,70500,70500,70500,67500
2019-05-23,58165,70164,4081120600,67300,70100,70500,70500,67300
2019-05-28,64329,69957,4500275700,69000,69900,70100,70100,69000
2019-05-30,16877,69179,1167534700,62500,69500,69900,69600,62500
2019-06-04,76525,69732,5336308000,62000,69100,69500,70000,62000
2019-06-11,71269,69518,4954531200,67100,69500,69100,69900,67100
2019-06-13,54641,69697,3808344500,69500,69700,69500,69800,69000
2019-06-18,73107,69176,5057290900,68000,68500,69700,69800,68000
2019-06-20,59743,69048,4125145800,66000,68500,68500,69700,66000
2019-06-25,82735,68952,5704797100,69000,69000,68500,69100,68000
2019-06-27,33351,68638,2289149500,68500,68600,69000,68800,68500
2019-07-02,50403,67821,3418388400,68000,67700,68600,68100,67600
2019-07-04,60150,67268,4046188200,68000,66900,67700,68000,66600
2019-07-09,55352,66540,3683132000,67000,65700,66900,67000,65700
2019-07-11,50257,64919,3262666500,65200,64400,65700,66000,64400
2019-07-16,75777,64701,4902911600,65000,64200,64400,65000,64200
2019-07-18,53955,63969,3451482800,64000,64100,64200,64300,62300
2019-07-23,74979,62974,4721753900,63000,62500,64100,63500,62500
2019-07-25,75103,61847,4644942800,62000,61500,62500,62000,61500
2019-07-30,65566,59965,3931691100,61000,59900,61500,61000,59800
2019-08-01,74793,59921,4481705100,60000,59900,59900,60000,59700
2019-08-06,46397,57952,2688835900,57000,59000,59900,59000,57000
2019-08-08,70852,59019,4181617700,57000,59100,59000,59500,57000
2019-08-13,49504,59079,2924654600,58600,59100,59100,59400,58600
2019-08-20,94470,58979,5571834100,59000,59000,59100,59100,58900
2019-08-22,71031,59055,4194749500,59000,59100,59000,59200,58500
2019-08-27,107919,59020,6369462400,59000,59000,59100,59200,58900
2019-08-29,66551,58892,3919334800,58900,58800,59000,59000,58800
2019-09-03,112132,58806,6594040700,58900,58800,58800,59000,58700
2019-09-05,74923,58265,4365450900,58100,57600,58800,58700,57600
2019-09-10,58118,57771,3357582800,58000,57800,57600,58000,57600
2019-09-17,144212,57510,8293642000,57600,57200,57800,57700,57200
2019-09-19,62548,57163,3575472700,57200,56900,57200,57400,56800
2019-09-24,74941,56667,4246695000,57500,56200,56900,57500,56200
2019-09-26,109163,55975,6110487700,56300,56100,56200,56700,55700
2019-10-01,109274,54897,5998904600,56000,54600,56100,56000,54600
2019-10-08,151817,54410,8260462900,55000,54200,54600,55000,54100
2019-10-10,100058,53909,5394077100,54100,53700,54200,54200,53700
2019-10-15,136918,53219,7286687700,53700,52800,53700,53700,52800
2019-10-17,105103,51071,5367784000,52500,50700,52800,52500,50700
2019-10-22,76159,49523,3771696300,50500,49300,50700,50500,49000
2019-10-24,47606,46412,2209495700,48900,47200,49300,48900,45100
2019-10-29,81117,44248,3589344000,45200,44200,47200,45200,43900
2019-10-31,82452,41542,3425250800,43000,41200,44200,43000,40000
2019-11-05,68255,39561,2700256800,43000,40000,41200,43000,39000
2019-11-07,64979,40213,2613043600,39100,40900,40000,41000,39100
2019-11-12,68720,41269,2836027400,40000,42300,40900,42300,40000
2019-11-14,64175,44708,2869171900,40000,46500,42300,46600,40000
2019-11-19,98767,50011,4939508300,42100,50100,46500,51200,42000
2019-11-21,167389,52453,8780147200,50000,51700,50100,53000,50000
2019-11-26,147328,51685,7614651600,50400,51200,51700,52100,50400
2019-11-28,81005,50240,4069737200,50000,49900,51200,50600,49800
2019-12-03,91322,49423,4513416300,47000,49400,49900,50000,47000
2019-12-05,76854,49415,3797808000,48700,49400,49400,49900,48500
2019-12-10,146508,49213,7210218500,47000,49100,49400,49500,47000
2019-12-12,122481,49011,6003025300,48500,48600,49100,49600,48400
2019-12-17,161487,48836,7886463000,48600,49000,48600,49000,48200
2019-12-19,127344,48752,6208370400,47000,48700,49000,48900,47000
2019-12-24,72838,48330,3520289000,48100,48000,48700,48700,47900
2019-12-26,87423,47346,4139179100,48000,47000,48000,48000,47000
2019-12-31,58227,44279,2578247800,46500,44100,47000,46900,43000
2020-01-02,11610,42058,488293600,46000,43000,44100,46000,41000
2020-01-07,33170,43021,1427028000,44900,42100,43000,45000,41700
2020-01-09,32966,42045,1386087400,42000,42500,42100,43000,41000
2020-01-14,62864,42280,2657913800,41100,42200,42500,43100,41100
2020-01-16,51805,43417,2249229600,42300,44000,42200,44500,42200
2020-01-21,88646,44246,3922312200,41000,44600,44000,45000,41000
2020-01-23,56576,44680,2527833100,41000,44900,44600,45000,41000
2020-01-28,54829,44434,2436325300,43100,43500,44900,45000,42800
2020-01-30,66731,44060,2940192600,42000,44000,43500,45000,42000
2020-02-04,47585,43451,2067631400,43100,43300,44000,44000,43100
2020-02-06,74228,43645,3239691000,42000,43900,43300,44000,42000
2020-02-11,47734,43310,2067379900,42500,43600,43900,43800,42500
2020-02-13,35224,42965,1513423700,43000,42500,43600,43400,42400
2020-02-18,32746,41521,1359669700,42500,40600,42500,42500,40600
2020-02-20,36699,39864,1462981700,41000,39500,40600,41000,39200
2020-02-25,20569,36891,758815800,38900,35900,39500,38900,35900
2020-02-27,43409,34125,1481348700,36000,32400,35900,36000,32400
2020-03-03,33860,29956,1014335700,32500,29900,32400,32500,29200
2020-03-05,52554,30112,1582534000,30000,32400,29900,32400,29000
2020-03-10,60487,35181,2128039900,33000,35600,32400,35600,33000
2020-03-12,44626,38769,1730128000,35600,39100,35600,39100,35000
2020-03-17,125792,42811,5385402000,39000,43000,39100,43000,37000
2020-03-19,134446,46749,6285246700,41000,46300,43000,47300,41000
2020-03-24,116924,45034,5265577100,42000,44900,46300,45200,42000
2020-03-26,121962,44792,5462946900,44500,44000,44900,45000,43300
2020-03-31,198943,45253,9002926000,44900,45100,44000,45500,44900
2020-04-02,87172,44617,3889403300,43000,44700,45100,44900,43000
2020-04-07,150851,44373,6693791700,44000,44400,44700,44500,44000
2020-04-09,119970,44319,5316963000,44300,44400,44400,44500,44200
2020-04-14,103381,44237,4573312400,43500,44200,44400,44500,43500
2020-04-16,89406,44234,3954834000,44500,44200,44200,44500,44000
2020-04-21,113981,44453,5066895200,44300,44500,44200,44600,44200
2020-04-23,109125,44489,4854926100,44300,44400,44500,44600,44300
2020-04-28,134759,44477,5993706700,44300,44500,44400,44600,44300
2020-05-07,170408,44464,7577130100,44400,44500,44500,44600,44400
2020-05-12,125228,44493,5571770000,44400,44400,44500,44600,44400
2020-05-14,119446,44489,5314076900,44500,44400,44400,44600,44400
2020-05-19,122893,44477,5465936200,44400,44500,44400,44600,44400
2020-05-21,46683,44400,2072725200,44400,44400,44500,44400,44400
2020-05-26,111343,44638,4970134300,44500,44600,44400,44800,44500
2020-05-28,134264,44524,5978086700,44500,44500,44600,44600,44500
2020-06-02,112904,44436,5017087600,44500,44400,44500,44500,44400
2020-06-04,88643,44354,3931714900,44400,44300,44400,44400,44300
2020-06-09,100827,44325,4469179600,44400,44200,44300,44400,44200
2020-06-11,89298,44259,3952246600,44300,44200,44200,44300,44200
2020-06-16,116958,44150,5163753500,44300,44100,44200,44300,44100
2020-06-18,130728,44187,5776490400,44100,44300,44100,44300,44100
2020-06-23,111859,44321,4957722900,44200,44400,44300,44500,44200
2020-06-25,108420,44398,4813708200,44300,44500,44400,44500,44300
2020-06-30,112137,44286,4966207800,44400,44200,44500,44400,44200
2020-07-02,103780,44210,4588178000,44200,44200,44200,44300,44100
2020-07-07,120742,44184,5334869500,44200,44100,44200,44300,44100
2020-07-09,138247,44273,6120655900,44200,44200,44100,44500,44100
2020-07-14,153317,44333,6797088800,44200,44700,44200,44700,44200
2020-07-16,109410,44507,4869525300,44200,45000,44700,45000,44200
2020-07-21,135849,44716,6074667300,44400,45000,45000,45000,44400
2020-07-23,101867,45059,4590084800,44600,45000,45000,45700,44600
2020-07-28,105983,45124,4782422200,45000,45100,45000,45500,45000
2020-07-30,95407,45064,4299444000,45000,45000,45100,45100,45000
2020-08-04,78017,45220,3527972400,45100,45200,45000,45300,45100
2020-08-06,96995,45304,4394275700,45300,45300,45200,45400,45200
2020-08-11,116290,45509,5292281500,45300,45500,45300,45600,45300
2020-08-13,109339,45744,5001603300,45500,45700,45500,46100,45500
2020-08-18,93997,46768,4396071900,45700,47000,45700,47000,45700
2020-08-20,147181,47063,6926889400,46900,47000,47000,47300,46800
2020-08-25,113764,47284,5379221600,47000,47300,47000,47400,47000
2020-08-27,138343,47374,6553935200,47400,47300,47300,47500,47300
2020-09-01,132660,47329,6278765700,47400,47200,47300,47500,47200
2020-09-03,123421,47294,5837074400,47300,47100,47200,47500,47100
2020-09-08,74127,46698,3461616200,47000,46300,47100,47000,46300
2020-09-10,61353,45386,2784616700,46300,44500,46300,46300,44200
2020-09-15,94887,44649,4236658000,44500,44800,44500,44800,44500
2020-09-17,78882,44623,3519985400,44600,44700,44800,44800,44500
2020-09-22,106197,44680,4744891000,44600,44700,44700,45000,44500
2020-09-24,118330,44989,5323594600,44600,45100,44700,45400,44600
2020-09-29,75191,44589,3352756400,44400,44400,45100,44700,44400
2020-10-06,64441,44220,2849589000,44400,44000,44400,44400,44000
2020-10-08,32021,42827,1371378800,44000,40100,44000,44100,39900
2020-10-13,33310,38418,1279715100,40000,38700,40100,40000,38200
2020-10-15,31568,38707,1221913600,38800,38700,38700,38800,38600
2020-10-20,44505,38948,1733397700,38500,39200,38700,39200,38500
2020-10-22,73719,40618,2994360800,39400,40600,39200,42000,39300
2020-10-27,99293,40515,4022931600,40600,40600,40600,40700,40400
2020-10-29,39439,40099,1581479800,40100,39100,40600,40500,39000
2020-11-03,44821,39327,1762683700,39300,39100,39100,39500,38900
2020-11-05,34369,38683,1329513100,39100,38500,39100,39100,38200
2020-11-10,44091,37443,1650910500,38300,36900,38500,38300,36900
2020-11-12,40563,36867,1495466100,37100,36300,36900,37100,36100
2020-11-17,53305,35635,1899567400,36000,35000,36300,36100,34200
2020-11-19,23926,32671,781701200,34000,32600,35000,34000,32000
2020-11-24,78116,30671,2395940300,31000,30300,32600,31200,30200
2020-11-26,44962,29659,1333560700,30000,30000,30300,30300,29400
2020-12-01,71088,28293,2011323200,28000,30000,30000,30000,27500
2020-12-03,72629,29264,2125468200,27100,30900,30000,32000,27100
2020-12-08,98791,30863,3049054900,28800,31100,30900,32000,28800
2020-12-10,83511,32746,2734675000,29300,33000,31100,33700,29300
2020-12-15,138503,35406,4903957800,31000,35000,33000,36300,31000
2020-12-17,135543,37214,5044204100,33500,38500,35000,38500,33100
2020-12-22,76470,37612,2876263900,36000,37500,38500,38000,36000
2020-12-24,161509,38917,6285494400,36300,40600,37500,40600,36300
2020-12-29,49314,38064,1877102200,37000,37900,40600,38500,37000
2020-12-31,30312,35562,1077971200,35000,35500,37900,36500,35000
2021-01-05,45030,36943,1663571100,33100,38000,35500,38000,33100
2021-01-07,47454,37769,1792302500,37500,37900,38000,38000,36600
2021-01-12,108015,38324,4139577300,37100,39000,37900,39000,37100
2021-01-14,70043,38834,2720098800,36000,39100,39000,39500,36000
2021-01-19,129728,39931,5180296900,36100,40000,39100,40500,36100
2021-01-21,84092,40521,3407493500,39000,39100,40000,41400,39000
2021-01-26,64652,39540,2556352700,38500,39200,39100,40100,36000
2021-01-28,75827,39393,2987063100,36100,39300,39200,39600,36100
2021-02-02,101102,39339,3977329200,37000,39500,39300,39600,35700
2021-02-04,95858,39729,3808353600,38000,39700,39500,39900,36700
2021-02-09,110277,39637,4371066200,39500,39500,39700,40000,39300
2021-02-16,90784,39720,3606003700,39000,39700,39500,39900,38000
2021-02-18,186952,39847,7449589500,38000,40000,39700,40000,37500
2021-02-23,196761,40338,7937030600,39500,41900,40000,41900,39500
2021-02-25,157960,41965,6628912400,40000,40000,41900,45000,38700
2021-03-02,35719,39064,1395344400,39000,39200,40000,39200,38500
2021-03-04,60442,39360,2379021300,39000,39200,39200,39600,39000
2021-03-09,68180,39212,2673481500,39500,39000,39200,39500,39000
2021-03-11,39643,38498,1526195400,38900,38000,39000,39000,38000
2021-03-16,44851,37515,1682623700,37100,35100,38000,38000,35100
2021-03-18,26598,35030,931745500,35000,34900,35100,36000,34800
2021-03-23,24809,33059,820163600,35000,32400,34900,35000,32300
2021-03-25,37539,31438,1180178700,30000,32000,32400,32400,30000
2021-03-30,41605,31375,1305391700,30000,32000,32000,32000,30000
2021-04-01,38658,31526,1218732900,31000,31700,32000,32000,31000
2021-04-06,59767,32951,1969395400,30500,33400,31700,33500,30500
2021-04-08,55059,33675,1854140900,31100,34000,33400,34100,31100
2021-04-13,73794,35657,2631297500,32200,35600,34000,36000,32200
2021-04-15,45078,35622,1605795200,33100,34900,35600,36000,33100
2021-04-20,51455,35378,1820420700,35000,34800,34900,36000,34600
2021-04-22,65603,34602,2270005000,33500,35000,34800,35100,33500
2021-04-27,59643,34788,2074914300,33600,34600,35000,35000,33600
2021-04-29,59016,34346,2026971600,34200,34200,34600,34600,34100
2021-05-04,19830,31617,626967700,33000,31100,34200,33000,31100
2021-05-06,45807,31883,1460508900,31100,31700,31100,32000,31100
2021-05-11,38739,31451,1218384300,31500,31700,31700,31700,31300
2021-05-13,33666,31400,1057133700,31400,31300,31700,31500,31300
2021-05-18,46504,31419,1461143500,31400,31500,31300,31600,31300
2021-05-20,56508,31912,1803338300,31000,31700,31500,32000,31000
2021-05-25,72279,32000,2312999700,31300,32100,31700,32500,31300
2021-05-27,70830,32199,2280713200,31600,32300,32100,32500,31600
2021-06-01,55587,32151,1787218300,31500,32300,32300,32400,31500
2021-06-03,50949,31914,1626006100,31200,31900,32300,32000,31200
2021-06-08,60319,31952,1927316800,31500,32100,31900,32200,31500
2021-06-10,43408,31750,1378222400,31500,31500,32100,32000,31500
2021-06-15,40028,31582,1264203400,31600,31400,31500,31900,31400
2021-06-17,82802,31283,2590372100,31500,30600,31400,31600,30500
2021-06-22,80165,31641,2536510700,31600,31700,30600,31800,31500
2021-06-24,95826,32094,3075466800,31700,32200,31700,32300,31700
2021-06-29,62843,31442,1975939100,31200,31300,32200,31600,31200
2021-07-01,40329,30523,1230997800,30000,30500,31300,31000,30000
2021-07-06,57939,30245,1752379900,30000,30200,30500,30500,30000
2021-07-08,69676,30119,2098627400,30000,30000,30200,30200,30000
2021-07-13,73885,30022,2218227400,30000,30400,30000,30400,29800
2021-07-15,55739,30074,1676331100,29900,30000,30400,30400,29900
2021-07-20,74046,30003,2221615100,30000,30000,30000,30200,29900
2021-07-22,60690,29908,1815119600,29000,29700,30000,30000,29000
2021-07-27,92296,29917,2761282600,29500,29800,29700,30000,29500
2021-07-29,106646,30022,3201800900,29800,30400,29800,30500,29700
2021-08-03,97014,30164,2926335400,30000,30200,30400,30500,29900
2021-08-05,61697,29932,1846726100,29900,30000,30200,30500,29000
2021-08-10,146108,30149,4405031100,29000,30300,30000,30500,29000
2021-08-12,118933,30334,3607755600,29900,30300,30300,30500,29900
2021-08-17,28727,29596,850212300,29500,29300,30300,30000,29100
2021-08-19,146060,29741,4344065100,28000,30500,29300,30500,27000
2021-08-24,142877,30111,4302181700,27900,29200,30500,30500,27900
2021-08-26,138753,30140,4182101000,28100,29900,29200,30500,28100
2021-08-31,154031,30223,4655400300,28100,30200,29900,30500,28100
2021-09-02,111689,30270,3380833700,28000,31000,30200,31000,28000
2021-09-07,113501,30503,3462169800,28500,30600,31000,31000,28500
2021-09-09,141997,30696,4358867400,30000,31000,30600,31000,29400
2021-09-14,139188,31701,4412528000,29300,32000,31000,32000,29300
2021-09-16,118689,32058,3805009500,29400,32500,32000,33000,29400
2021-09-23,121546,32536,3954628200,31000,32900,32500,33000,30000
2021-09-28,135568,32850,4453516100,30000,32500,32900,33500,30000
2021-09-30,112571,32833,3696148300,30500,32800,32500,33200,30500
2021-10-05,76557,32300,2472863500,30500,31900,32800,33000,30000
2021-10-07,160508,33120,5316086700,29500,33100,31900,33500,29500
2021-10-12,195338,34334,6706776300,32900,35000,33100,35000,32900
2021-10-14,88907,33918,3015612800,32500,34900,35000,35000,32500
2021-10-19,144425,34924,5044018000,32000,34900,34900,36000,32000
2021-10-21,164126,36685,6021082300,32700,38300,34900,38300,32000
2021-10-26,152428,39537,6026624700,35000,39500,38300,41000,35000
2021-10-28,76541,38924,2979298300,38000,36600,39500,40000,36400
2021-11-02,121690,37968,4620428700,33000,37800,36600,39900,33000
2021-11-04,119882,38535,4619669700,35600,39000,37800,39200,35600
2021-11-09,72168,38683,2791699000,38000,38700,39000,39000,37000
2021-11-11,137563,38318,5271237400,37500,38200,38700,38700,37500
2021-11-16,199446,39801,7938261400,38300,39700,38200,40000,38300
2021-11-18,122091,39611,4836180300,39000,39400,39700,40000,38600
2021-11-23,129417,39554,5118970700,37500,39200,39400,39700,37500
2021-11-25,160568,39598,6358324600,39200,39400,39200,39800,39200
2021-11-30,317576,39920,12677730800,39900,39900,39400,40200,39700
2021-12-02,281848,39954,11261078300,37500,39900,39900,40000,37500
2021-12-07,156355,39813,6225046500,38300,39800,39900,39900,38300
2021-12-09,202874,39898,8094283300,39300,39800,39800,40000,39300
2021-12-14,121453,39815,4835681300,38000,39700,39800,39900,38000
2021-12-16,116596,39845,4645878100,39400,39700,39700,39900,39400
2021-12-21,187049,39876,7458838800,39500,39900,39700,40000,39500
2021-12-23,229229,39918,9150544000,38200,39900,39900,40000,38200
2021-12-28,264511,39883,10549744800,39500,39900,39900,40000,39000
2021-12-30,120363,39905,4803200400,38000,39900,39900,40000,38000
2022-01-04,133744,40007,5350730900,39900,40000,39900,40100,39800
2022-01-06,174130,40229,7005136700,40000,40500,40000,40700,40000
2022-01-11,191772,41859,8027337100,40000,42200,40500,43000,40000
2022-01-13,135446,42679,5780681300,40700,42800,42200,44000,39200
2022-01-18,227991,46142,10519997800,42500,47000,42800,47000,42300
2022-01-20,112934,47519,5366492900,43100,48700,47000,48700,43100
2022-01-25,261042,53146,13873450400,48500,53300,48700,53500,48500
2022-01-27,187758,57600,10814789900,48600,53800,53300,58600,48000
2022-02-03,128093,54832,7023604800,49000,53700,53800,58000,49000
2022-02-08,349490,57861,20221866900,55000,56200,53700,59000,51100
2022-02-10,330080,58575,19334334200,54000,58600,56200,59000,54000
2022-02-15,327969,58356,19139066400,54000,58200,58600,59000,54000
2022-02-17,85900,55184,4740324200,52700,55400,58200,55700,52700
2022-02-22,94189,50102,4719048400,49900,49900,55400,50500,49900
2022-02-24,77064,46778,3604892000,45000,47000,49900,47000,45000
2022-03-03,70355,42813,3012127400,42300,42600,47000,43500,42300
2022-03-08,74437,40405,3007609200,38500,39900,42600,41000,38500
2022-03-10,71157,40546,2885153200,36000,40500,39900,41500,36000
2022-03-15,110292,41898,4620994700,38000,42500,40500,43000,38000
2022-03-17,71647,43298,3102171900,38500,44000,42500,44000,38500
2022-03-22,123174,47121,5804046400,44000,47100,44000,48400,43000
2022-03-24,140147,51542,7223464400,45000,51800,47100,51800,45000
2022-03-29,234090,54071,12657445200,46700,54400,51800,55000,46700
2022-03-31,148486,54442,8083942700,49000,54000,54400,55500,49000
2022-04-05,86403,51536,4452862100,48600,53000,54000,53100,48600
2022-04-07,151830,53706,8154126900,48000,53400,53000,54500,48000
2022-04-12,167316,53909,9019870800,50000,54100,53400,54500,50000
2022-04-14,75389,53524,4035102800,50100,53600,54100,54000,50000
2022-04-19,106121,53104,5635430300,50000,53500,53600,53600,49000
2022-04-21,131115,53499,7014522400,50000,53500,53500,54000,50000
2022-04-26,145895,53483,7802845500,49100,53400,53500,54000,49100
2022-04-28,122797,53239,6537566800,52000,53200,53400,53500,51500
2022-05-03,132759,53173,7059136400,53000,53100,53200,53500,50300
2022-05-10,175153,53154,9310009900,48500,53100,53100,53300,48500
2022-05-12,53838,51703,2783588000,50100,52100,53100,52200,50100
2022-05-17,119355,52034,6210537000,47700,52100,52100,52500,47700
2022-05-19,171870,53230,9148612600,52000,53500,52100,53500,51500
2022-05-24,141229,53394,7540845900,50300,53500,53500,53600,50300
2022-05-26,197089,53993,10641519500,49100,54300,53500,54500,49100
2022-05-31,173501,54306,9422190300,51000,54600,54300,54700,51000
2022-06-02,133871,54608,7310474100,50000,55000,54600,55000,49800
2022-06-07,131438,54947,7222064200,50000,55500,55000,55500,50000
2022-06-09,121656,55540,6756725600,50500,56000,55500,56000,50500
2022-06-14,67626,54919,3713975500,53500,55000,56000,55300,53000
2022-06-16,61323,55096,3378634200,50300,55100,55000,55500,50300
2022-06-21,78284,55055,4309930300,54500,55000,55100,55200,54000
2022-06-23,104132,54982,5725372300,54900,54900,55000,55000,54300
2022-06-28,128880,54910,7076737500,49500,55000,54900,55000,49500
2022-06-30,115300,54964,6337382400,53000,55000,55000,55000,53000
2022-07-05,103297,54752,5655710300,53000,55000,55000,55100,52600
2022-07-07,82912,54916,4553168600,52700,54800,55000,55000,52700
2022-07-12,187978,55241,10384033000,54500,55300,54800,55500,54000
2022-07-14,128421,55467,7123143500,55000,55600,55300,55700,55000
2022-07-19,147135,55851,8217606600,55300,56100,55600,56200,55000
2022-07-21,97565,55967,5460464100,55700,56100,56100,56200,55700
2022-07-26,153753,57459,8834435700,55200,57600,56100,58000,55200
2022-07-28,123652,57913,7161098900,56000,58000,57600,58000,56000
2022-08-02,137613,58581,8061492100,57500,58900,58000,59000,57500
2022-08-04,183159,60426,11067517300,55900,60900,58900,61000,55900
2022-08-09,282656,62051,17538955200,56000,62700,60900,63000,56000
2022-08-11,178552,63376,11315948700,58300,63600,62700,64000,58300
2022-08-16,80034,63679,5096478800,59000,64000,63600,64300,59000
2022-08-18,150741,65146,9820218500,63000,65000,64000,66000,58500
2022-08-23,79796,63785,5089757400,59500,63600,65000,65000,59500
2022-08-25,72034,63818,4597048000,62000,63500,63600,65000,57800
2022-08-30,124011,64058,7943939900,58000,63200,63500,65000,58000
2022-09-01,105329,63697,6709127600,57000,63600,63200,64100,57000
2022-09-06,76143,63247,4815830000,61000,62800,63600,64000,60000
2022-09-08,72105,63453,4575287300,60000,63700,62800,64000,57300
2022-09-13,113317,64306,7286958500,64300,63700,63700,65000,61300
2022-09-15,71926,63733,4584037900,58000,63500,63700,64400,58000
2022-09-20,95890,63581,6096768100,59000,63200,63500,64000,58000
2022-09-22,101071,63621,6430235400,58100,63100,63200,64000,58100
2022-09-27,159445,63848,10180253600,58500,63400,63100,64000,58300
2022-09-29,132427,63846,8454880300,57700,63700,63400,64000,57700
2022-10-04,163783,63957,10475027700,63900,63900,63700,64000,62000
2022-10-06,166472,63941,10644421900,58200,63700,63900,64000,58200
2022-10-11,148910,63899,9515256000,63000,63800,63700,64200,58500
2022-10-13,134182,63953,8581359500,60000,63400,63800,64200,60000
2022-10-18,139856,64047,8957344600,57500,64000,63400,64200,57500
2022-10-20,153389,64245,9854463200,60800,64100,64000,64500,60800
2022-10-25,83379,63553,5298972700,59000,63500,64100,64000,59000
2022-10-27,189194,63933,12095676500,61000,63800,63500,64300,61000
2022-11-01,174599,64179,11205526600,60700,64000,63800,64500,60700
2022-11-03,152294,64278,9789228800,61100,64100,64000,64500,61100
2022-11-08,260105,63989,16643900100,63000,63900,64100,64000,63000
2022-11-10,162006,64058,10377837100,63000,63900,63900,64300,63000
2022-11-15,175984,64083,11277591000,61200,64000,63900,64300,61200
2022-11-17,122498,64106,7852913900,63000,63900,64000,64300,61300
2022-11-22,130312,64209,8367260500,64000,64100,63900,64300,63600
2022-11-24,72963,64200,4684203300,58100,64200,64100,64300,58100
2022-11-29,152617,64384,9826112700,64200,64400,64200,64500,60000
2022-12-01,94842,64479,6115276500,63000,64600,64400,64600,60000
2022-12-06,89789,64486,5790088800,64000,64500,64600,64600,64000
2022-12-08,93319,64564,6025071600,64000,64600,64500,64700,64000
2022-12-13,138778,64591,8963879100,63500,64500,64600,64700,63500
2022-12-15,85533,64643,5529134200,60000,64500,64500,64800,60000
2022-12-20,150334,65039,9777604100,64200,64900,64500,65300,64100
2022-12-22,130453,64852,8460144400,62100,64600,64900,65000,62100
2022-12-27,121159,64692,7837992200,64000,63000,64600,65000,63000
2022-12-29,60139,61956,3725996800,56700,57500,63000,63000,56700
2023-01-03,33025,57882,1911545100,60000,58000,57500,61000,53100
2023-01-05,37944,59032,2239925600,54000,59100,58000,59300,54000
2023-01-10,90737,61465,5577179400,60000,61400,59100,62000,60000
2023-01-12,51080,61909,3162331700,60000,61400,61400,62200,60000
2023-01-17,99479,62007,6168399100,60000,62000,61400,62400,56500
2023-01-19,71122,61973,4407612300,61500,61800,62000,62200,61500
2023-01-26,118941,61972,7371052400,56500,61900,61800,62100,56500
2023-01-31,128377,61926,7949857500,60100,61900,61900,62000,60100
2023-02-02,131920,61926,8169284500,61000,61900,61900,62000,61000
2023-02-07,177381,62124,11019611800,57600,62200,61900,62500,57600
2023-02-09,83994,62321,5234568700,58000,62200,62200,62500,58000
2023-02-14,131210,62413,8189212300,61800,62500,62200,62700,61800
2023-02-16,131915,62801,8284382200,62000,62600,62500,63000,62000
2023-02-21,178598,63461,11334071700,62100,63300,62600,63700,62100
2023-02-23,181894,63421,11535942500,60000,63200,63300,63500,60000
2023-02-28,198549,63625,12632769600,63000,63700,63200,63800,61800
2023-03-02,150855,64289,9698377700,63500,64500,63700,64600,63500
2023-03-07,245734,64971,15965543800,64000,65000,64500,65300,62700
2023-03-09,170754,65724,11222591600,61700,65800,65000,66000,61700
2023-03-14,183449,66905,12273650000,65500,67100,65800,67200,65000
2023-03-16,118716,68812,8169100200,66800,69100,67100,69300,66800
2023-03-21,131433,69508,9135634500,62200,69500,69100,70000,62200
2023-03-23,139270,70620,9835312800,68000,71000,69500,71200,66100
2023-03-28,165955,71712,11901037300,71000,71600,71000,72000,68100
2023-03-30,238343,71661,17079795900,67000,71500,71600,72000,67000
